Date Time,Identifier,Message
09:07:09:927,F0:F8:F2:DA:2D:0D,Identify Responde
09:07:09:993,F0:F8:F2:DA:06:D9,Identify Responde
09:07:10:100,F0:F8:F2:DA:2D:0D,Identify Responde
09:07:10:600,F0:F8:F2:DA:06:D9,Identify Responde
09:07:18:181,F0:F8:F2:DA:06:D9,Scan started successfully
09:07:20:152,F0:F8:F2:DA:06:D9,Scan stopped successfully
09:07:20:305,F0:F8:F2:DA:06:D9,Scan started successfully
09:07:22:270,F0:F8:F2:DA:06:D9,Scan stopped successfully
09:07:22:425,F0:F8:F2:DA:06:D9,Scan started successfully
09:07:24:399,F0:F8:F2:DA:06:D9,Scan stopped successfully
09:07:24:554,F0:F8:F2:DA:06:D9,Scan started successfully
09:07:26:523,F0:F8:F2:DA:06:D9,Scan stopped successfully
09:07:26:677,F0:F8:F2:DA:06:D9,Scan started successfully
09:07:28:652,F0:F8:F2:DA:06:D9,Scan stopped successfully
09:07:39:772,F0:F8:F2:DA:06:D9,Scan started successfully
09:07:39:828,F0:F8:F2:DA:06:D9,Slave 54:6C:0E:83:6F:35 found with rssi -61
09:07:41:750,F0:F8:F2:DA:06:D9,Scan stopped successfully
09:07:41:902,F0:F8:F2:DA:06:D9,Scan started successfully
09:07:42:106,F0:F8:F2:DA:06:D9,Slave 54:6C:0E:83:6F:35 found with rssi -61
09:07:43:877,F0:F8:F2:DA:06:D9,Scan stopped successfully
09:07:43:984,F0:F8:F2:DA:06:D9,Scan started successfully
09:07:43:994,F0:F8:F2:DA:06:D9,Slave 54:6C:0E:83:6F:35 found with rssi -61
09:07:45:956,F0:F8:F2:DA:06:D9,Scan stopped successfully
09:07:46:109,F0:F8:F2:DA:06:D9,Scan started successfully
09:07:46:212,F0:F8:F2:DA:06:D9,Slave 54:6C:0E:83:6F:35 found with rssi -63
09:07:48:850,F0:F8:F2:DA:06:D9,Scan stopped successfully
09:07:48:237,F0:F8:F2:DA:06:D9,Scan started successfully
09:07:48:289,F0:F8:F2:DA:06:D9,Slave 54:6C:0E:83:6F:35 found with rssi -60
09:07:50:210,F0:F8:F2:DA:06:D9,Scan stopped successfully
09:07:54:147,F0:F8:F2:DA:06:D9,Connection started successfully
09:07:54:250,F0:F8:F2:DA:06:D9,Receive connection parameters
09:07:54:321,F0:F8:F2:DA:2D:0D,Connection parameters set successfully
09:07:54:923,F0:F8:F2:DA:2D:0D,Connection success
09:07:55:361,F0:F8:F2:DA:06:D9,Connection success
09:07:57:742,F0:F8:F2:DA:06:D9,Set AoA parameters successfully
09:07:57:759,F0:F8:F2:DA:2D:0D,Set AoA parameters successfully
09:07:57:845,F0:F8:F2:DA:06:D9,AoA started/stopped successfully
09:07:57:868,F0:F8:F2:DA:2D:0D,AoA started/stopped successfully
09:07:58:265,F0:F8:F2:DA:2D:0D,"AoA: Angle=82, Ant=2, Channel=23, RSSI=-67"
09:07:58:740,F0:F8:F2:DA:2D:0D,"AoA: Angle=3, Ant=1, Channel=24, RSSI=-69"
09:07:59:151,F0:F8:F2:DA:2D:0D,"AoA: Angle=11, Ant=1, Channel=10, RSSI=-68"
09:07:59:570,F0:F8:F2:DA:2D:0D,"AoA: Angle=-5, Ant=2, Channel=18, RSSI=-68"
09:08:00:173,F0:F8:F2:DA:2D:0D,"AoA: Angle=5, Ant=1, Channel=12, RSSI=-68"
09:08:00:566,F0:F8:F2:DA:2D:0D,"AoA: Angle=-6, Ant=2, Channel=20, RSSI=-67"
09:08:01:170,F0:F8:F2:DA:2D:0D,"AoA: Angle=-7, Ant=1, Channel=14, RSSI=-68"
09:08:01:527,F0:F8:F2:DA:2D:0D,"AoA: Angle=-7, Ant=2, Channel=22, RSSI=-67"
09:08:01:934,F0:F8:F2:DA:2D:0D,"AoA: Angle=-16, Ant=1, Channel=23, RSSI=-68"
09:08:02:348,F0:F8:F2:DA:2D:0D,"AoA: Angle=-15, Ant=2, Channel=31, RSSI=-68"
09:08:02:749,F0:F8:F2:DA:2D:0D,"AoA: Angle=-25, Ant=2, Channel=17, RSSI=-71"
09:08:03:152,F0:F8:F2:DA:2D:0D,"AoA: Angle=-13, Ant=2, Channel=3, RSSI=-68"
09:08:03:564,F0:F8:F2:DA:2D:0D,"AoA: Angle=-18, Ant=1, Channel=4, RSSI=-71"
09:08:04:166,F0:F8:F2:DA:2D:0D,"AoA: Angle=-8, Ant=2, Channel=5, RSSI=-66"
09:08:04:780,F0:F8:F2:DA:2D:0D,"AoA: Angle=-18, Ant=2, Channel=21, RSSI=-66"
09:08:05:332,F0:F8:F2:DA:2D:0D,"AoA: Angle=-21, Ant=2, Channel=0, RSSI=-66"
09:08:05:746,F0:F8:F2:DA:2D:0D,"AoA: Angle=-30, Ant=2, Channel=23, RSSI=-66"
09:08:06:348,F0:F8:F2:DA:2D:0D,"AoA: Angle=-30, Ant=2, Channel=2, RSSI=-66"
09:08:06:862,F0:F8:F2:DA:2D:0D,"AoA: Angle=-29, Ant=2, Channel=18, RSSI=-66"
09:08:07:361,F0:F8:F2:DA:2D:0D,"AoA: Angle=-30, Ant=2, Channel=4, RSSI=-67"
09:08:07:766,F0:F8:F2:DA:2D:0D,"AoA: Angle=-29, Ant=2, Channel=27, RSSI=-66"
09:08:08:128,F0:F8:F2:DA:2D:0D,"AoA: Angle=-30, Ant=2, Channel=13, RSSI=-68"
09:08:08:528,F0:F8:F2:DA:2D:0D,"AoA: Angle=-30, Ant=2, Channel=36, RSSI=-66"
09:08:08:944,F0:F8:F2:DA:2D:0D,"AoA: Angle=-31, Ant=2, Channel=22, RSSI=-66"
09:08:09:542,F0:F8:F2:DA:2D:0D,"AoA: Angle=-30, Ant=2, Channel=1, RSSI=-66"
09:08:09:944,F0:F8:F2:DA:2D:0D,"AoA: Angle=-30, Ant=2, Channel=24, RSSI=-66"
09:08:10:758,F0:F8:F2:DA:2D:0D,"AoA: Angle=-32, Ant=2, Channel=33, RSSI=-66"
09:08:11:160,F0:F8:F2:DA:2D:0D,"AoA: Angle=-32, Ant=2, Channel=19, RSSI=-66"
09:08:11:575,F0:F8:F2:DA:2D:0D,"AoA: Angle=-31, Ant=2, Channel=5, RSSI=-66"
09:08:11:974,F0:F8:F2:DA:2D:0D,"AoA: Angle=-28, Ant=2, Channel=28, RSSI=-66"
09:08:12:327,F0:F8:F2:DA:2D:0D,"AoA: Angle=-29, Ant=1, Channel=29, RSSI=-68"
09:08:12:740,F0:F8:F2:DA:2D:0D,"AoA: Angle=-22, Ant=2, Channel=0, RSSI=-66"
09:08:13:141,F0:F8:F2:DA:2D:0D,"AoA: Angle=-21, Ant=2, Channel=23, RSSI=-68"
09:08:13:543,F0:F8:F2:DA:2D:0D,"AoA: Angle=-20, Ant=2, Channel=9, RSSI=-68"
09:08:13:957,F0:F8:F2:DA:2D:0D,"AoA: Angle=-29, Ant=2, Channel=32, RSSI=-66"
09:08:14:460,F0:F8:F2:DA:2D:0D,"AoA: Angle=-29, Ant=2, Channel=11, RSSI=-68"
09:08:14:873,F0:F8:F2:DA:2D:0D,"AoA: Angle=-29, Ant=2, Channel=34, RSSI=-66"
09:08:15:272,F0:F8:F2:DA:2D:0D,"AoA: Angle=-28, Ant=2, Channel=20, RSSI=-66"
09:08:15:625,F0:F8:F2:DA:2D:0D,"AoA: Angle=-29, Ant=2, Channel=6, RSSI=-67"
09:08:16:390,F0:F8:F2:DA:2D:0D,"AoA: Angle=-29, Ant=2, Channel=29, RSSI=-66"
09:08:16:439,F0:F8:F2:DA:2D:0D,"AoA: Angle=-29, Ant=2, Channel=15, RSSI=-67"
09:08:17:540,F0:F8:F2:DA:2D:0D,"AoA: Angle=-29, Ant=2, Channel=31, RSSI=-66"
09:08:17:454,F0:F8:F2:DA:2D:0D,"AoA: Angle=-29, Ant=2, Channel=17, RSSI=-68"
09:08:17:958,F0:F8:F2:DA:2D:0D,"AoA: Angle=-29, Ant=2, Channel=3, RSSI=-67"
09:08:18:370,F0:F8:F2:DA:2D:0D,"AoA: Angle=-28, Ant=2, Channel=26, RSSI=-66"
09:08:18:919,F0:F8:F2:DA:2D:0D,"AoA: Angle=-28, Ant=2, Channel=5, RSSI=-67"
09:08:19:486,F0:F8:F2:DA:2D:0D,"AoA: Angle=-29, Ant=2, Channel=21, RSSI=-66"
09:08:19:837,F0:F8:F2:DA:2D:0D,"AoA: Angle=-29, Ant=2, Channel=7, RSSI=-68"
09:08:20:239,F0:F8:F2:DA:2D:0D,"AoA: Angle=-28, Ant=2, Channel=30, RSSI=-66"
09:08:20:683,F0:F8:F2:DA:2D:0D,"AoA: Angle=-28, Ant=2, Channel=16, RSSI=-67"
09:08:21:154,F0:F8:F2:DA:2D:0D,"AoA: Angle=-22, Ant=2, Channel=2, RSSI=-67"
09:08:21:568,F0:F8:F2:DA:2D:0D,"AoA: Angle=-21, Ant=2, Channel=25, RSSI=-66"
09:08:22:176,F0:F8:F2:DA:2D:0D,"AoA: Angle=-21, Ant=2, Channel=4, RSSI=-67"
09:08:22:536,F0:F8:F2:DA:2D:0D,"AoA: Angle=-28, Ant=2, Channel=27, RSSI=-66"
09:08:23:133,F0:F8:F2:DA:2D:0D,"AoA: Angle=-30, Ant=1, Channel=21, RSSI=-68"
09:08:23:650,F0:F8:F2:DA:2D:0D,"AoA: Angle=-10, Ant=2, Channel=22, RSSI=-68"
09:08:24:153,F0:F8:F2:DA:2D:0D,"AoA: Angle=-13, Ant=1, Channel=23, RSSI=-68"
09:08:24:594,F0:F8:F2:DA:2D:0D,"AoA: Angle=4, Ant=1, Channel=9, RSSI=-71"
09:08:24:967,F0:F8:F2:DA:2D:0D,"AoA: Angle=-4, Ant=2, Channel=17, RSSI=-68"
09:08:25:539,F0:F8:F2:DA:2D:0D,"AoA: Angle=5, Ant=1, Channel=11, RSSI=-71"
09:08:26:620,F0:F8:F2:DA:2D:0D,"AoA: Angle=-3, Ant=2, Channel=19, RSSI=-68"
09:08:26:372,F0:F8:F2:DA:2D:0D,"AoA: Angle=-6, Ant=1, Channel=20, RSSI=-71"
09:08:26:769,F0:F8:F2:DA:2D:0D,"AoA: Angle=-6, Ant=2, Channel=28, RSSI=-69"
09:08:27:162,F0:F8:F2:DA:2D:0D,"AoA: Angle=-17, Ant=1, Channel=29, RSSI=-71"
09:08:27:565,F0:F8:F2:DA:2D:0D,"AoA: Angle=-7, Ant=1, Channel=15, RSSI=-72"
09:08:27:931,F0:F8:F2:DA:2D:0D,"AoA: Angle=-6, Ant=2, Channel=23, RSSI=-68"
09:08:28:539,F0:F8:F2:DA:2D:0D,"AoA: Angle=3, Ant=1, Channel=17, RSSI=-73"
09:08:29:490,F0:F8:F2:DA:2D:0D,"AoA: Angle=-7, Ant=2, Channel=18, RSSI=-68"
09:08:29:666,F0:F8:F2:DA:2D:0D,"AoA: Angle=-6, Ant=1, Channel=19, RSSI=-71"
09:08:30:262,F0:F8:F2:DA:2D:0D,"AoA: Angle=-7, Ant=1, Channel=35, RSSI=-72"
09:08:30:675,F0:F8:F2:DA:2D:0D,"AoA: Angle=6, Ant=1, Channel=21, RSSI=-71"
09:08:31:740,F0:F8:F2:DA:2D:0D,"AoA: Angle=5, Ant=2, Channel=22, RSSI=-68"
09:08:31:536,F0:F8:F2:DA:2D:0D,"AoA: Angle=-3, Ant=1, Channel=23, RSSI=-68"
09:08:32:420,F0:F8:F2:DA:2D:0D,"AoA: Angle=-7, Ant=2, Channel=24, RSSI=-68"
09:08:32:757,F0:F8:F2:DA:2D:0D,"AoA: Angle=-5, Ant=1, Channel=18, RSSI=-72"
09:08:33:265,F0:F8:F2:DA:2D:0D,"AoA: Angle=16, Ant=2, Channel=19, RSSI=-68"
09:08:33:678,F0:F8:F2:DA:2D:0D,"AoA: Angle=8, Ant=1, Channel=27, RSSI=-68"
09:08:34:243,F0:F8:F2:DA:2D:0D,"AoA: Angle=17, Ant=2, Channel=21, RSSI=-68"
09:08:34:640,F0:F8:F2:DA:2D:0D,"AoA: Angle=6, Ant=1, Channel=29, RSSI=-71"
09:08:35:255,F0:F8:F2:DA:2D:0D,"AoA: Angle=15, Ant=2, Channel=23, RSSI=-68"
09:08:35:757,F0:F8:F2:DA:2D:0D,"AoA: Angle=-4, Ant=1, Channel=24, RSSI=-68"
09:08:36:166,F0:F8:F2:DA:2D:0D,"AoA: Angle=3, Ant=2, Channel=32, RSSI=-69"
09:08:36:669,F0:F8:F2:DA:2D:0D,"AoA: Angle=-17, Ant=1, Channel=33, RSSI=-72"
09:08:37:750,F0:F8:F2:DA:2D:0D,"AoA: Angle=5, Ant=1, Channel=19, RSSI=-71"
09:08:37:486,F0:F8:F2:DA:2D:0D,"AoA: Angle=-5, Ant=2, Channel=20, RSSI=-68"
09:08:37:836,F0:F8:F2:DA:2D:0D,"AoA: Angle=6, Ant=1, Channel=28, RSSI=-69"
09:08:38:247,F0:F8:F2:DA:2D:0D,"AoA: Angle=5, Ant=2, Channel=29, RSSI=-71"
09:08:38:652,F0:F8:F2:DA:2D:0D,"AoA: Angle=-3, Ant=2, Channel=15, RSSI=-68"
09:08:39:155,F0:F8:F2:DA:2D:0D,"AoA: Angle=-5, Ant=1, Channel=16, RSSI=-72"
09:08:39:563,F0:F8:F2:DA:2D:0D,"AoA: Angle=-16, Ant=2, Channel=24, RSSI=-68"
09:08:40:580,F0:F8:F2:DA:2D:0D,CCI started/stopped successfully
09:08:40:930,F0:F8:F2:DA:06:D9,CCI started/stopped successfully
09:08:40:140,F0:F8:F2:DA:2D:0D,"AoA: Angle=-16, Ant=1, Channel=18, RSSI=-71"
09:08:40:563,F0:F8:F2:DA:2D:0D,"AoA: Angle=-4, Ant=2, Channel=26, RSSI=-68"
09:08:40:970,F0:F8:F2:DA:2D:0D,"AoA: Angle=-13, Ant=1, Channel=27, RSSI=-68"
09:08:41:540,F0:F8:F2:DA:06:D9,"CCI: Channel=5, RSSI=-66"
09:08:41:102,F0:F8:F2:DA:2D:0D,"CCI: Channel=5, RSSI=-75"
09:08:41:157,F0:F8:F2:DA:06:D9,"CCI: Channel=20, RSSI=-62"
09:08:41:206,F0:F8:F2:DA:2D:0D,"CCI: Channel=20, RSSI=-71"
09:08:41:379,F0:F8:F2:DA:2D:0D,"AoA: Angle=9, Ant=1, Channel=13, RSSI=-71"
09:08:41:856,F0:F8:F2:DA:2D:0D,"AoA: Angle=0, Ant=1, Channel=36, RSSI=-72"
09:08:42:341,F0:F8:F2:DA:06:D9,"CCI: Channel=15, RSSI=-62"
09:08:42:391,F0:F8:F2:DA:2D:0D,"CCI: Channel=15, RSSI=-72"
09:08:42:405,F0:F8:F2:DA:2D:0D,"AoA: Angle=20, Ant=1, Channel=15, RSSI=-72"
09:08:42:465,F0:F8:F2:DA:06:D9,"CCI: Channel=30, RSSI=-61"
09:08:42:501,F0:F8:F2:DA:2D:0D,"CCI: Channel=30, RSSI=-72"
09:08:42:741,F0:F8:F2:DA:2D:0D,"CCI: Channel=1, RSSI=-72"
09:08:42:763,F0:F8:F2:DA:2D:0D,"AoA: Angle=18, Ant=2, Channel=23, RSSI=-68"
09:08:42:783,F0:F8:F2:DA:06:D9,"CCI: Channel=1, RSSI=-66"
09:08:43:371,F0:F8:F2:DA:2D:0D,"AoA: Angle=17, Ant=1, Channel=17, RSSI=-72"
09:08:43:575,F0:F8:F2:DA:2D:0D,"CCI: Channel=10, RSSI=-71"
09:08:43:586,F0:F8:F2:DA:06:D9,"CCI: Channel=10, RSSI=-65"
09:08:43:693,F0:F8:F2:DA:2D:0D,"CCI: Channel=25, RSSI=-71"
09:08:43:729,F0:F8:F2:DA:06:D9,"CCI: Channel=25, RSSI=-61"
09:08:43:883,F0:F8:F2:DA:2D:0D,"AoA: Angle=7, Ant=1, Channel=3, RSSI=-71"
09:08:44:284,F0:F8:F2:DA:2D:0D,"AoA: Angle=8, Ant=1, Channel=26, RSSI=-68"
09:08:44:768,F0:F8:F2:DA:06:D9,"CCI: Channel=5, RSSI=-65"
09:08:44:790,F0:F8:F2:DA:2D:0D,"CCI: Channel=5, RSSI=-72"
09:08:44:875,F0:F8:F2:DA:06:D9,"CCI: Channel=20, RSSI=-62"
09:08:44:901,F0:F8:F2:DA:2D:0D,"CCI: Channel=20, RSSI=-68"
09:08:44:932,F0:F8:F2:DA:2D:0D,"AoA: Angle=18, Ant=2, Channel=20, RSSI=-68"
09:08:45:272,F0:F8:F2:DA:2D:0D,"AoA: Angle=20, Ant=1, Channel=28, RSSI=-68"
09:08:45:912,F0:F8:F2:DA:2D:0D,"AoA: Angle=18, Ant=2, Channel=22, RSSI=-68"
09:08:46:510,F0:F8:F2:DA:06:D9,"CCI: Channel=15, RSSI=-62"
09:08:46:104,F0:F8:F2:DA:2D:0D,"CCI: Channel=15, RSSI=-69"
09:08:46:175,F0:F8:F2:DA:06:D9,"CCI: Channel=30, RSSI=-61"
09:08:46:199,F0:F8:F2:DA:2D:0D,"CCI: Channel=30, RSSI=-71"
09:08:46:305,F0:F8:F2:DA:2D:0D,"AoA: Angle=-2, Ant=1, Channel=30, RSSI=-71"
09:08:46:466,F0:F8:F2:DA:2D:0D,"CCI: Channel=1, RSSI=-75"
09:08:46:496,F0:F8:F2:DA:06:D9,"CCI: Channel=1, RSSI=-66"
09:08:46:881,F0:F8:F2:DA:2D:0D,"AoA: Angle=5, Ant=2, Channel=24, RSSI=-68"
09:08:47:255,F0:F8:F2:DA:06:D9,"CCI: Channel=10, RSSI=-64"
09:08:47:287,F0:F8:F2:DA:2D:0D,"CCI: Channel=10, RSSI=-77"
09:08:47:316,F0:F8:F2:DA:2D:0D,"AoA: Angle=-15, Ant=1, Channel=32, RSSI=-71"
09:08:47:428,F0:F8:F2:DA:2D:0D,"CCI: Channel=25, RSSI=-77"
09:08:47:805,F0:F8:F2:DA:2D:0D,"AoA: Angle=4, Ant=2, Channel=33, RSSI=-72"
09:08:48:169,F0:F8:F2:DA:2D:0D,"AoA: Angle=-15, Ant=2, Channel=19, RSSI=-68"
09:08:49:152,F0:F8:F2:DA:2D:0D,"CCI: Channel=5, RSSI=-76"
09:08:49:168,F0:F8:F2:DA:06:D9,"CCI: Channel=5, RSSI=-65"
09:08:49:179,F0:F8:F2:DA:2D:0D,"AoA: Angle=-4, Ant=1, Channel=20, RSSI=-71"
09:08:49:189,F0:F8:F2:DA:2D:0D,"CCI: Channel=20, RSSI=-71"
09:08:49:205,F0:F8:F2:DA:06:D9,"CCI: Channel=20, RSSI=-62"
09:08:49:300,F0:F8:F2:DA:2D:0D,"AoA: Angle=-3, Ant=2, Channel=21, RSSI=-68"
09:08:49:472,F0:F8:F2:DA:2D:0D,"AoA: Angle=8, Ant=1, Channel=29, RSSI=-69"
09:08:49:799,F0:F8:F2:DA:2D:0D,"CCI: Channel=15, RSSI=-72"
09:08:49:835,F0:F8:F2:DA:06:D9,"CCI: Channel=15, RSSI=-62"
09:08:49:901,F0:F8:F2:DA:2D:0D,"CCI: Channel=30, RSSI=-72"
09:08:50:990,F0:F8:F2:DA:2D:0D,"AoA: Angle=18, Ant=2, Channel=23, RSSI=-68"
09:08:50:201,F0:F8:F2:DA:2D:0D,"CCI: Channel=1, RSSI=-72"
09:08:50:230,F0:F8:F2:DA:06:D9,"CCI: Channel=1, RSSI=-66"
09:08:50:609,F0:F8:F2:DA:2D:0D,"AoA: Angle=-3, Ant=1, Channel=24, RSSI=-68"
09:08:52:228,F0:F8:F2:DA:06:D9,"CCI: Channel=10, RSSI=-64"
09:08:52:241,F0:F8:F2:DA:2D:0D,"CCI: Channel=10, RSSI=-72"
09:08:52:259,F0:F8:F2:DA:2D:0D,"AoA: Angle=4, Ant=2, Channel=32, RSSI=-71"
09:08:52:285,F0:F8:F2:DA:06:D9,"CCI: Channel=25, RSSI=-61"
09:08:52:377,F0:F8:F2:DA:2D:0D,"CCI: Channel=25, RSSI=-68"
09:08:52:880,F0:F8:F2:DA:2D:0D,"AoA: Angle=-15, Ant=2, Channel=18, RSSI=-68"
09:08:52:952,F0:F8:F2:DA:2D:0D,"AoA: Angle=-7, Ant=1, Channel=12, RSSI=-71"
09:08:53:260,F0:F8:F2:DA:2D:0D,"CCI: Channel=5, RSSI=-71"
09:08:53:380,F0:F8:F2:DA:06:D9,"CCI: Channel=5, RSSI=-66"
09:08:53:480,F0:F8:F2:DA:06:D9,"CCI: Channel=20, RSSI=-62"
09:08:53:660,F0:F8:F2:DA:2D:0D,"CCI: Channel=20, RSSI=-68"
09:08:53:110,F0:F8:F2:DA:2D:0D,"AoA: Angle=-13, Ant=1, Channel=35, RSSI=-71"
09:08:53:226,F0:F8:F2:DA:2D:0D,"AoA: Angle=7, Ant=1, Channel=14, RSSI=-72"
09:08:53:344,F0:F8:F2:DA:2D:0D,"AoA: Angle=9, Ant=2, Channel=22, RSSI=-68"
09:08:53:448,F0:F8:F2:DA:2D:0D,"CCI: Channel=15, RSSI=-69"
09:08:53:470,F0:F8:F2:DA:06:D9,"CCI: Channel=15, RSSI=-62"
09:08:53:543,F0:F8:F2:DA:2D:0D,"CCI: Channel=30, RSSI=-69"
09:08:53:867,F0:F8:F2:DA:2D:0D,"CCI: Channel=1, RSSI=-75"
09:08:53:893,F0:F8:F2:DA:06:D9,"CCI: Channel=1, RSSI=-68"
09:08:53:975,F0:F8:F2:DA:2D:0D,"AoA: Angle=6, Ant=1, Channel=16, RSSI=-72"
09:08:54:492,F0:F8:F2:DA:2D:0D,"AoA: Angle=-5, Ant=2, Channel=17, RSSI=-68"
09:08:54:650,F0:F8:F2:DA:2D:0D,"CCI: Channel=10, RSSI=-77"
09:08:54:664,F0:F8:F2:DA:06:D9,"CCI: Channel=10, RSSI=-64"
09:08:54:746,F0:F8:F2:DA:2D:0D,"CCI: Channel=25, RSSI=-68"
09:08:54:764,F0:F8:F2:DA:06:D9,"CCI: Channel=25, RSSI=-61"
09:08:54:859,F0:F8:F2:DA:2D:0D,"AoA: Angle=-5, Ant=1, Channel=25, RSSI=-68"
09:08:55:692,F0:F8:F2:DA:2D:0D,"AoA: Angle=-5, Ant=1, Channel=34, RSSI=-71"
09:08:55:847,F0:F8:F2:DA:2D:0D,"CCI: Channel=5, RSSI=-77"
09:08:55:958,F0:F8:F2:DA:2D:0D,"CCI: Channel=20, RSSI=-71"
09:08:55:980,F0:F8:F2:DA:06:D9,"CCI: Channel=20, RSSI=-62"
09:08:56:481,F0:F8:F2:DA:2D:0D,"AoA: Angle=5, Ant=2, Channel=21, RSSI=-68"
09:08:56:889,F0:F8:F2:DA:2D:0D,"AoA: Angle=7, Ant=1, Channel=29, RSSI=-69"
09:08:57:147,F0:F8:F2:DA:2D:0D,"CCI: Channel=15, RSSI=-72"
09:08:57:172,F0:F8:F2:DA:06:D9,"CCI: Channel=15, RSSI=-62"
09:08:57:273,F0:F8:F2:DA:2D:0D,"AoA: Angle=16, Ant=2, Channel=30, RSSI=-71"
09:08:57:278,F0:F8:F2:DA:2D:0D,"CCI: Channel=30, RSSI=-71"
09:08:57:286,F0:F8:F2:DA:06:D9,"CCI: Channel=30, RSSI=-61"
09:08:57:590,F0:F8:F2:DA:2D:0D,"CCI: Channel=1, RSSI=-72"
09:08:57:597,F0:F8:F2:DA:06:D9,"CCI: Channel=1, RSSI=-66"
09:08:57:690,F0:F8:F2:DA:2D:0D,"AoA: Angle=-3, Ant=2, Channel=16, RSSI=-68"
09:08:58:560,F0:F8:F2:DA:2D:0D,"AoA: Angle=-3, Ant=1, Channel=24, RSSI=-68"
09:08:58:356,F0:F8:F2:DA:2D:0D,"CCI: Channel=10, RSSI=-71"
09:08:58:387,F0:F8:F2:DA:06:D9,"CCI: Channel=10, RSSI=-65"
09:08:58:529,F0:F8:F2:DA:2D:0D,"CCI: Channel=25, RSSI=-68"
09:08:58:555,F0:F8:F2:DA:06:D9,"CCI: Channel=25, RSSI=-61"
09:08:58:690,F0:F8:F2:DA:2D:0D,"AoA: Angle=-12, Ant=2, Channel=18, RSSI=-68"
09:08:59:540,F0:F8:F2:DA:2D:0D,"AoA: Angle=-2, Ant=1, Channel=26, RSSI=-68"
09:08:59:475,F0:F8:F2:DA:2D:0D,"AoA: Angle=5, Ant=2, Channel=27, RSSI=-71"
09:08:59:574,F0:F8:F2:DA:2D:0D,"CCI: Channel=5, RSSI=-71"
09:08:59:595,F0:F8:F2:DA:06:D9,"CCI: Channel=5, RSSI=-66"
09:08:59:686,F0:F8:F2:DA:2D:0D,"CCI: Channel=20, RSSI=-68"
09:08:59:726,F0:F8:F2:DA:06:D9,"CCI: Channel=20, RSSI=-62"
09:08:59:886,F0:F8:F2:DA:2D:0D,"AoA: Angle=-5, Ant=1, Channel=35, RSSI=-72"
09:09:00:261,F0:F8:F2:DA:2D:0D,"AoA: Angle=5, Ant=1, Channel=21, RSSI=-71"
09:09:00:733,F0:F8:F2:DA:2D:0D,"AoA: Angle=-6, Ant=2, Channel=22, RSSI=-68"
09:09:00:888,F0:F8:F2:DA:2D:0D,"CCI: Channel=15, RSSI=-69"
09:09:00:895,F0:F8:F2:DA:06:D9,"CCI: Channel=15, RSSI=-61"
09:09:00:941,F0:F8:F2:DA:06:D9,"CCI: Channel=30, RSSI=-61"
09:09:00:990,F0:F8:F2:DA:2D:0D,"CCI: Channel=30, RSSI=-71"
09:09:01:870,F0:F8:F2:DA:2D:0D,"AoA: Angle=-6, Ant=1, Channel=30, RSSI=-71"
09:09:01:259,F0:F8:F2:DA:2D:0D,"CCI: Channel=1, RSSI=-74"
09:09:01:286,F0:F8:F2:DA:06:D9,"CCI: Channel=1, RSSI=-66"
09:09:01:457,F0:F8:F2:DA:2D:0D,"AoA: Angle=-9, Ant=2, Channel=31, RSSI=-70"
09:09:01:871,F0:F8:F2:DA:2D:0D,"AoA: Angle=-16, Ant=2, Channel=17, RSSI=-69"
09:09:02:360,F0:F8:F2:DA:2D:0D,"CCI: Channel=10, RSSI=-77"
09:09:02:580,F0:F8:F2:DA:06:D9,"CCI: Channel=10, RSSI=-64"
09:09:02:153,F0:F8:F2:DA:2D:0D,"CCI: Channel=25, RSSI=-68"
09:09:02:176,F0:F8:F2:DA:06:D9,"CCI: Channel=25, RSSI=-61"
09:09:02:737,F0:F8:F2:DA:2D:0D,"AoA: Angle=-6, Ant=1, Channel=25, RSSI=-68"
09:09:03:700,F0:F8:F2:DA:2D:0D,"AoA: Angle=-17, Ant=1, Channel=34, RSSI=-71"
09:09:03:281,F0:F8:F2:DA:2D:0D,"CCI: Channel=5, RSSI=-76"
09:09:03:300,F0:F8:F2:DA:06:D9,"CCI: Channel=5, RSSI=-66"
09:09:03:353,F0:F8:F2:DA:06:D9,"CCI: Channel=20, RSSI=-62"
09:09:03:407,F0:F8:F2:DA:2D:0D,"CCI: Channel=20, RSSI=-71"
09:09:03:526,F0:F8:F2:DA:2D:0D,"AoA: Angle=4, Ant=1, Channel=20, RSSI=-71"
09:09:04:960,F0:F8:F2:DA:2D:0D,"AoA: Angle=4, Ant=1, Channel=36, RSSI=-72"
09:09:04:573,F0:F8:F2:DA:06:D9,"CCI: Channel=15, RSSI=-62"
09:09:04:602,F0:F8:F2:DA:2D:0D,"CCI: Channel=15, RSSI=-72"
09:09:04:632,F0:F8:F2:DA:2D:0D,"AoA: Angle=16, Ant=1, Channel=15, RSSI=-72"
09:09:04:687,F0:F8:F2:DA:2D:0D,"CCI: Channel=30, RSSI=-70"
09:09:04:950,F0:F8:F2:DA:2D:0D,"AoA: Angle=4, Ant=2, Channel=23, RSSI=-68"
09:09:04:982,F0:F8:F2:DA:2D:0D,"CCI: Channel=1, RSSI=-72"
09:09:05:900,F0:F8:F2:DA:06:D9,"CCI: Channel=1, RSSI=-66"
09:09:05:750,F0:F8:F2:DA:06:D9,"CCI: Channel=10, RSSI=-64"
09:09:05:793,F0:F8:F2:DA:2D:0D,"CCI: Channel=10, RSSI=-72"
09:09:05:881,F0:F8:F2:DA:06:D9,"CCI: Channel=25, RSSI=-61"
09:09:05:906,F0:F8:F2:DA:2D:0D,"CCI: Channel=25, RSSI=-68"
09:09:05:941,F0:F8:F2:DA:2D:0D,"AoA: Angle=5, Ant=2, Channel=25, RSSI=-68"
09:09:06:272,F0:F8:F2:DA:2D:0D,"AoA: Angle=-15, Ant=1, Channel=33, RSSI=-70"
09:09:06:762,F0:F8:F2:DA:2D:0D,"AoA: Angle=-5, Ant=2, Channel=34, RSSI=-72"
09:09:06:973,F0:F8:F2:DA:2D:0D,"CCI: Channel=5, RSSI=-72"
09:09:07:110,F0:F8:F2:DA:06:D9,"CCI: Channel=5, RSSI=-66"
09:09:07:870,F0:F8:F2:DA:2D:0D,"CCI: Channel=20, RSSI=-68"
09:09:07:116,F0:F8:F2:DA:06:D9,"CCI: Channel=20, RSSI=-62"
09:09:07:665,F0:F8:F2:DA:2D:0D,"AoA: Angle=-15, Ant=2, Channel=20, RSSI=-68"
09:09:07:775,F0:F8:F2:DA:2D:0D,"AoA: Angle=-5, Ant=1, Channel=21, RSSI=-69"
09:09:08:610,F0:F8:F2:DA:2D:0D,"AoA: Angle=-3, Ant=2, Channel=22, RSSI=-67"
09:09:08:269,F0:F8:F2:DA:2D:0D,"CCI: Channel=15, RSSI=-68"
09:09:08:297,F0:F8:F2:DA:06:D9,"CCI: Channel=15, RSSI=-61"
09:09:08:369,F0:F8:F2:DA:2D:0D,"CCI: Channel=30, RSSI=-68"
09:09:08:616,F0:F8:F2:DA:2D:0D,"AoA: Angle=-3, Ant=1, Channel=23, RSSI=-68"
09:09:08:730,F0:F8:F2:DA:2D:0D,"CCI: Channel=1, RSSI=-73"
09:09:08:760,F0:F8:F2:DA:06:D9,"CCI: Channel=1, RSSI=-66"
09:09:09:170,F0:F8:F2:DA:2D:0D,"AoA: Angle=5, Ant=1, Channel=9, RSSI=-69"
09:09:09:448,F0:F8:F2:DA:2D:0D,"CCI: Channel=10, RSSI=-77"
09:09:09:477,F0:F8:F2:DA:06:D9,"CCI: Channel=10, RSSI=-64"
09:09:09:573,F0:F8:F2:DA:2D:0D,"CCI: Channel=25, RSSI=-68"
09:09:09:585,F0:F8:F2:DA:2D:0D,"AoA: Angle=-4, Ant=1, Channel=25, RSSI=-68"
09:09:09:610,F0:F8:F2:DA:06:D9,"CCI: Channel=25, RSSI=-60"
09:09:09:974,F0:F8:F2:DA:2D:0D,"AoA: Angle=16, Ant=1, Channel=11, RSSI=-71"
09:09:10:522,F0:F8:F2:DA:2D:0D,"AoA: Angle=7, Ant=1, Channel=34, RSSI=-72"
09:09:10:691,F0:F8:F2:DA:06:D9,"CCI: Channel=5, RSSI=-65"
09:09:10:820,F0:F8:F2:DA:2D:0D,"CCI: Channel=5, RSSI=-77"
09:09:10:850,F0:F8:F2:DA:2D:0D,"CCI: Channel=20, RSSI=-71"
09:09:10:860,F0:F8:F2:DA:06:D9,"CCI: Channel=20, RSSI=-61"
09:09:11:268,F0:F8:F2:DA:2D:0D,"AoA: Angle=17, Ant=2, Channel=21, RSSI=-68"
09:09:11:648,F0:F8:F2:DA:2D:0D,"AoA: Angle=9, Ant=1, Channel=29, RSSI=-69"
09:09:11:947,F0:F8:F2:DA:2D:0D,"CCI: Channel=15, RSSI=-72"
09:09:11:993,F0:F8:F2:DA:06:D9,"CCI: Channel=15, RSSI=-61"
09:09:12:490,F0:F8:F2:DA:2D:0D,"CCI: Channel=30, RSSI=-72"
09:09:12:258,F0:F8:F2:DA:2D:0D,"AoA: Angle=16, Ant=2, Channel=23, RSSI=-68"
09:09:12:360,F0:F8:F2:DA:06:D9,"CCI: Channel=1, RSSI=-65"
09:09:12:369,F0:F8:F2:DA:2D:0D,"CCI: Channel=1, RSSI=-72"
09:09:12:731,F0:F8:F2:DA:2D:0D,"AoA: Angle=-4, Ant=1, Channel=31, RSSI=-71"
09:09:13:143,F0:F8:F2:DA:2D:0D,"CCI: Channel=10, RSSI=-71"
09:09:13:163,F0:F8:F2:DA:06:D9,"CCI: Channel=10, RSSI=-64"
09:09:13:266,F0:F8:F2:DA:2D:0D,"CCI: Channel=25, RSSI=-71"
09:09:13:481,F0:F8:F2:DA:2D:0D,"AoA: Angle=4, Ant=2, Channel=18, RSSI=-71"
09:09:13:876,F0:F8:F2:DA:2D:0D,"AoA: Angle=-4, Ant=1, Channel=26, RSSI=-68"
09:09:14:260,F0:F8:F2:DA:2D:0D,"AoA: Angle=14, Ant=2, Channel=27, RSSI=-71"
09:09:14:349,F0:F8:F2:DA:06:D9,"CCI: Channel=5, RSSI=-64"
09:09:14:376,F0:F8:F2:DA:2D:0D,"CCI: Channel=5, RSSI=-71"
09:09:14:449,F0:F8:F2:DA:06:D9,"CCI: Channel=20, RSSI=-59"
09:09:14:524,F0:F8:F2:DA:2D:0D,"CCI: Channel=20, RSSI=-69"
09:09:14:676,F0:F8:F2:DA:2D:0D,"AoA: Angle=-5, Ant=1, Channel=35, RSSI=-72"
09:09:15:410,F0:F8:F2:DA:2D:0D,"AoA: Angle=5, Ant=1, Channel=21, RSSI=-71"
09:09:15:474,F0:F8:F2:DA:2D:0D,"AoA: Angle=7, Ant=2, Channel=22, RSSI=-68"
09:09:15:648,F0:F8:F2:DA:06:D9,"CCI: Channel=15, RSSI=-60"
09:09:15:693,F0:F8:F2:DA:2D:0D,"CCI: Channel=15, RSSI=-71"
09:09:15:776,F0:F8:F2:DA:2D:0D,"CCI: Channel=30, RSSI=-70"
09:09:15:894,F0:F8:F2:DA:2D:0D,"AoA: Angle=6, Ant=1, Channel=30, RSSI=-70"
09:09:16:430,F0:F8:F2:DA:2D:0D,"CCI: Channel=1, RSSI=-77"
09:09:16:670,F0:F8:F2:DA:06:D9,"CCI: Channel=1, RSSI=-65"
09:09:16:274,F0:F8:F2:DA:2D:0D,"AoA: Angle=5, Ant=2, Channel=31, RSSI=-73"
09:09:16:659,F0:F8:F2:DA:2D:0D,"AoA: Angle=-15, Ant=2, Channel=17, RSSI=-71"
09:09:16:877,F0:F8:F2:DA:2D:0D,"CCI: Channel=10, RSSI=-79"
09:09:16:896,F0:F8:F2:DA:06:D9,"CCI: Channel=10, RSSI=-65"
09:09:16:993,F0:F8:F2:DA:2D:0D,"CCI: Channel=25, RSSI=-68"
09:09:17:260,F0:F8:F2:DA:06:D9,"CCI: Channel=25, RSSI=-59"
09:09:17:163,F0:F8:F2:DA:2D:0D,"AoA: Angle=-6, Ant=1, Channel=18, RSSI=-72"
09:09:17:572,F0:F8:F2:DA:2D:0D,"AoA: Angle=-4, Ant=2, Channel=26, RSSI=-71"
09:09:18:750,F0:F8:F2:DA:06:D9,"CCI: Channel=5, RSSI=-64"
09:09:18:159,F0:F8:F2:DA:2D:0D,"CCI: Channel=5, RSSI=-78"
09:09:18:229,F0:F8:F2:DA:2D:0D,"CCI: Channel=20, RSSI=-71"
09:09:18:263,F0:F8:F2:DA:06:D9,"CCI: Channel=20, RSSI=-60"
09:09:18:349,F0:F8:F2:DA:2D:0D,"AoA: Angle=-3, Ant=1, Channel=20, RSSI=-71"
09:09:18:556,F0:F8:F2:DA:2D:0D,"AoA: Angle=6, Ant=2, Channel=28, RSSI=-71"
09:09:19:390,F0:F8:F2:DA:2D:0D,"AoA: Angle=-13, Ant=1, Channel=29, RSSI=-71"
09:09:19:336,F0:F8:F2:DA:2D:0D,"CCI: Channel=15, RSSI=-72"
09:09:19:344,F0:F8:F2:DA:06:D9,"CCI: Channel=15, RSSI=-62"
09:09:19:388,F0:F8:F2:DA:2D:0D,"AoA: Angle=5, Ant=1, Channel=15, RSSI=-72"
09:09:19:440,F0:F8:F2:DA:2D:0D,"CCI: Channel=30, RSSI=-72"
09:09:19:743,F0:F8:F2:DA:2D:0D,"CCI: Channel=1, RSSI=-72"
09:09:19:761,F0:F8:F2:DA:06:D9,"CCI: Channel=1, RSSI=-67"
09:09:19:857,F0:F8:F2:DA:2D:0D,"AoA: Angle=-5, Ant=2, Channel=16, RSSI=-71"
09:09:20:341,F0:F8:F2:DA:2D:0D,"AoA: Angle=4, Ant=1, Channel=24, RSSI=-68"
09:09:20:523,F0:F8:F2:DA:2D:0D,"CCI: Channel=10, RSSI=-71"
09:09:20:555,F0:F8:F2:DA:06:D9,"CCI: Channel=10, RSSI=-63"
09:09:20:642,F0:F8:F2:DA:06:D9,"CCI: Channel=25, RSSI=-59"
09:09:20:697,F0:F8:F2:DA:2D:0D,"CCI: Channel=25, RSSI=-69"
09:09:20:891,F0:F8:F2:DA:2D:0D,"AoA: Angle=-5, Ant=2, Channel=18, RSSI=-69"
09:09:21:388,F0:F8:F2:DA:2D:0D,"AoA: Angle=-4, Ant=1, Channel=19, RSSI=-71"
09:09:21:737,F0:F8:F2:DA:2D:0D,"CCI: Channel=5, RSSI=-71"
09:09:21:764,F0:F8:F2:DA:06:D9,"CCI: Channel=5, RSSI=-64"
09:09:21:815,F0:F8:F2:DA:2D:0D,"AoA: Angle=6, Ant=2, Channel=27, RSSI=-71"
09:09:21:939,F0:F8:F2:DA:2D:0D,"CCI: Channel=20, RSSI=-68"
09:09:21:980,F0:F8:F2:DA:06:D9,"CCI: Channel=20, RSSI=-60"
09:09:22:233,F0:F8:F2:DA:2D:0D,"AoA: Angle=-2, Ant=1, Channel=28, RSSI=-69"
09:09:22:909,F0:F8:F2:DA:2D:0D,"AoA: Angle=6, Ant=1, Channel=14, RSSI=-71"
09:09:23:199,F0:F8:F2:DA:2D:0D,"AoA: Angle=7, Ant=2, Channel=22, RSSI=-68"
09:09:23:210,F0:F8:F2:DA:2D:0D,"CCI: Channel=15, RSSI=-71"
09:09:23:219,F0:F8:F2:DA:06:D9,"CCI: Channel=15, RSSI=-61"
09:09:23:248,F0:F8:F2:DA:2D:0D,"CCI: Channel=30, RSSI=-71"
09:09:23:293,F0:F8:F2:DA:06:D9,"CCI: Channel=30, RSSI=-59"
09:09:23:377,F0:F8:F2:DA:2D:0D,"AoA: Angle=6, Ant=1, Channel=23, RSSI=-69"
09:09:23:458,F0:F8:F2:DA:2D:0D,"CCI: Channel=1, RSSI=-77"
09:09:23:486,F0:F8:F2:DA:06:D9,"CCI: Channel=1, RSSI=-64"
09:09:23:780,F0:F8:F2:DA:2D:0D,"AoA: Angle=6, Ant=1, Channel=9, RSSI=-71"
09:09:24:190,F0:F8:F2:DA:2D:0D,"AoA: Angle=-3, Ant=2, Channel=17, RSSI=-71"
09:09:24:274,F0:F8:F2:DA:2D:0D,"CCI: Channel=10, RSSI=-78"
09:09:24:302,F0:F8:F2:DA:06:D9,"CCI: Channel=10, RSSI=-63"
09:09:24:351,F0:F8:F2:DA:06:D9,"CCI: Channel=25, RSSI=-59"
09:09:24:397,F0:F8:F2:DA:2D:0D,"CCI: Channel=25, RSSI=-68"
09:09:24:565,F0:F8:F2:DA:2D:0D,"AoA: Angle=7, Ant=1, Channel=18, RSSI=-72"
09:09:25:154,F0:F8:F2:DA:2D:0D,"AoA: Angle=9, Ant=2, Channel=19, RSSI=-68"
09:09:25:505,F0:F8:F2:DA:2D:0D,"CCI: Channel=5, RSSI=-77"
09:09:25:527,F0:F8:F2:DA:2D:0D,"AoA: Angle=8, Ant=1, Channel=27, RSSI=-68"
09:09:25:540,F0:F8:F2:DA:06:D9,"CCI: Channel=5, RSSI=-64"
09:09:25:618,F0:F8:F2:DA:06:D9,"CCI: Channel=20, RSSI=-60"
09:09:25:645,F0:F8:F2:DA:2D:0D,"CCI: Channel=20, RSSI=-71"
09:09:26:266,F0:F8:F2:DA:2D:0D,"AoA: Angle=18, Ant=1, Channel=36, RSSI=-72"
09:09:26:754,F0:F8:F2:DA:06:D9,"CCI: Channel=15, RSSI=-61"
09:09:26:784,F0:F8:F2:DA:2D:0D,"CCI: Channel=15, RSSI=-72"
09:09:26:814,F0:F8:F2:DA:2D:0D,"AoA: Angle=17, Ant=1, Channel=15, RSSI=-72"
09:09:26:879,F0:F8:F2:DA:06:D9,"CCI: Channel=30, RSSI=-59"
09:09:26:902,F0:F8:F2:DA:2D:0D,"CCI: Channel=30, RSSI=-72"
09:09:27:154,F0:F8:F2:DA:2D:0D,"CCI: Channel=1, RSSI=-72"
09:09:27:226,F0:F8:F2:DA:06:D9,"CCI: Channel=1, RSSI=-64"
09:09:27:244,F0:F8:F2:DA:2D:0D,"AoA: Angle=26, Ant=2, Channel=23, RSSI=-68"
09:09:27:558,F0:F8:F2:DA:2D:0D,"AoA: Angle=7, Ant=1, Channel=24, RSSI=-68"
09:09:27:937,F0:F8:F2:DA:06:D9,"CCI: Channel=10, RSSI=-63"
09:09:27:964,F0:F8:F2:DA:2D:0D,"CCI: Channel=10, RSSI=-71"
09:09:28:300,F0:F8:F2:DA:2D:0D,"AoA: Angle=6, Ant=1, Channel=10, RSSI=-71"
09:09:28:630,F0:F8:F2:DA:06:D9,"CCI: Channel=25, RSSI=-59"
09:09:28:720,F0:F8:F2:DA:2D:0D,"CCI: Channel=25, RSSI=-69"
09:09:28:362,F0:F8:F2:DA:2D:0D,"AoA: Angle=-3, Ant=2, Channel=18, RSSI=-69"
09:09:28:778,F0:F8:F2:DA:2D:0D,"AoA: Angle=5, Ant=1, Channel=19, RSSI=-71"
09:09:29:137,F0:F8:F2:DA:2D:0D,"CCI: Channel=5, RSSI=-72"
09:09:29:153,F0:F8:F2:DA:2D:0D,"AoA: Angle=8, Ant=2, Channel=27, RSSI=-71"
09:09:29:170,F0:F8:F2:DA:06:D9,"CCI: Channel=5, RSSI=-64"
09:09:29:247,F0:F8:F2:DA:2D:0D,"CCI: Channel=20, RSSI=-68"
09:09:29:270,F0:F8:F2:DA:06:D9,"CCI: Channel=20, RSSI=-60"
09:09:29:550,F0:F8:F2:DA:2D:0D,"AoA: Angle=-3, Ant=1, Channel=28, RSSI=-68"
09:09:29:974,F0:F8:F2:DA:2D:0D,"AoA: Angle=6, Ant=1, Channel=14, RSSI=-72"
09:09:30:435,F0:F8:F2:DA:2D:0D,"CCI: Channel=15, RSSI=-71"
09:09:30:467,F0:F8:F2:DA:06:D9,"CCI: Channel=15, RSSI=-60"
09:09:30:576,F0:F8:F2:DA:2D:0D,"CCI: Channel=30, RSSI=-71"
09:09:30:599,F0:F8:F2:DA:2D:0D,"AoA: Angle=8, Ant=2, Channel=15, RSSI=-71"
09:09:30:611,F0:F8:F2:DA:06:D9,"CCI: Channel=30, RSSI=-59"
09:09:30:852,F0:F8:F2:DA:2D:0D,"CCI: Channel=1, RSSI=-76"
09:09:30:891,F0:F8:F2:DA:06:D9,"CCI: Channel=1, RSSI=-64"
09:09:30:966,F0:F8:F2:DA:2D:0D,"AoA: Angle=17, Ant=1, Channel=16, RSSI=-72"
09:09:31:381,F0:F8:F2:DA:2D:0D,"AoA: Angle=18, Ant=2, Channel=24, RSSI=-68"
09:09:31:644,F0:F8:F2:DA:2D:0D,"CCI: Channel=10, RSSI=-78"
09:09:31:650,F0:F8:F2:DA:06:D9,"CCI: Channel=10, RSSI=-63"
09:09:31:751,F0:F8:F2:DA:2D:0D,"CCI: Channel=25, RSSI=-78"
09:09:31:962,F0:F8:F2:DA:2D:0D,"AoA: Angle=-5, Ant=1, Channel=18, RSSI=-72"
09:09:32:535,F0:F8:F2:DA:2D:0D,"AoA: Angle=6, Ant=2, Channel=19, RSSI=-68"
09:09:32:852,F0:F8:F2:DA:2D:0D,"CCI: Channel=5, RSSI=-77"
09:09:32:900,F0:F8:F2:DA:06:D9,"CCI: Channel=5, RSSI=-64"
09:09:33:400,F0:F8:F2:DA:2D:0D,"CCI: Channel=20, RSSI=-71"
09:09:33:240,F0:F8:F2:DA:2D:0D,"AoA: Angle=-3, Ant=1, Channel=20, RSSI=-71"
09:09:33:310,F0:F8:F2:DA:06:D9,"CCI: Channel=20, RSSI=-60"
09:09:33:462,F0:F8:F2:DA:2D:0D,"AoA: Angle=18, Ant=2, Channel=21, RSSI=-68"
09:09:33:995,F0:F8:F2:DA:2D:0D,"AoA: Angle=8, Ant=1, Channel=22, RSSI=-68"
09:09:34:175,F0:F8:F2:DA:2D:0D,"CCI: Channel=15, RSSI=-72"
09:09:34:222,F0:F8:F2:DA:06:D9,"CCI: Channel=15, RSSI=-61"
09:09:34:298,F0:F8:F2:DA:2D:0D,"CCI: Channel=30, RSSI=-72"
09:09:34:480,F0:F8:F2:DA:2D:0D,"AoA: Angle=16, Ant=2, Channel=23, RSSI=-68"
09:09:34:576,F0:F8:F2:DA:2D:0D,"CCI: Channel=1, RSSI=-72"
09:09:34:583,F0:F8:F2:DA:06:D9,"CCI: Channel=1, RSSI=-64"
09:09:34:925,F0:F8:F2:DA:2D:0D,"AoA: Angle=-4, Ant=1, Channel=31, RSSI=-71"
09:09:35:347,F0:F8:F2:DA:2D:0D,"CCI: Channel=10, RSSI=-71"
09:09:35:371,F0:F8:F2:DA:06:D9,"CCI: Channel=10, RSSI=-63"
09:09:35:444,F0:F8:F2:DA:2D:0D,"CCI: Channel=25, RSSI=-71"
09:09:35:657,F0:F8:F2:DA:2D:0D,"AoA: Angle=3, Ant=2, Channel=18, RSSI=-68"
09:09:36:810,F0:F8:F2:DA:2D:0D,"AoA: Angle=-4, Ant=1, Channel=26, RSSI=-68"
09:09:36:546,F0:F8:F2:DA:2D:0D,"CCI: Channel=5, RSSI=-71"
09:09:36:577,F0:F8:F2:DA:06:D9,"CCI: Channel=5, RSSI=-64"
09:09:36:645,F0:F8:F2:DA:2D:0D,"CCI: Channel=20, RSSI=-68"
09:09:36:666,F0:F8:F2:DA:2D:0D,"AoA: Angle=14, Ant=2, Channel=20, RSSI=-68"
09:09:36:692,F0:F8:F2:DA:06:D9,"CCI: Channel=20, RSSI=-60"
09:09:37:780,F0:F8:F2:DA:2D:0D,"AoA: Angle=7, Ant=1, Channel=28, RSSI=-69"
09:09:37:643,F0:F8:F2:DA:2D:0D,"AoA: Angle=17, Ant=2, Channel=22, RSSI=-68"
09:09:37:863,F0:F8:F2:DA:2D:0D,"CCI: Channel=15, RSSI=-71"
09:09:37:894,F0:F8:F2:DA:06:D9,"CCI: Channel=15, RSSI=-62"
09:09:37:956,F0:F8:F2:DA:2D:0D,"CCI: Channel=30, RSSI=-71"
09:09:38:188,F0:F8:F2:DA:2D:0D,"AoA: Angle=-1, Ant=1, Channel=23, RSSI=-68"
09:09:38:273,F0:F8:F2:DA:2D:0D,"CCI: Channel=1, RSSI=-76"
09:09:38:301,F0:F8:F2:DA:06:D9,"CCI: Channel=1, RSSI=-64"
09:09:38:698,F0:F8:F2:DA:2D:0D,"AoA: Angle=5, Ant=2, Channel=24, RSSI=-68"
09:09:39:620,F0:F8:F2:DA:2D:0D,"CCI: Channel=10, RSSI=-77"
09:09:39:880,F0:F8:F2:DA:06:D9,"CCI: Channel=10, RSSI=-63"
09:09:39:162,F0:F8:F2:DA:2D:0D,"CCI: Channel=25, RSSI=-77"
09:09:39:399,F0:F8:F2:DA:2D:0D,"AoA: Angle=-15, Ant=1, Channel=18, RSSI=-72"
09:09:39:761,F0:F8:F2:DA:2D:0D,"AoA: Angle=5, Ant=2, Channel=26, RSSI=-71"
09:09:40:194,F0:F8:F2:DA:2D:0D,"AoA: Angle=-13, Ant=1, Channel=27, RSSI=-68"
09:09:40:245,F0:F8:F2:DA:06:D9,"CCI: Channel=5, RSSI=-64"
09:09:40:299,F0:F8:F2:DA:2D:0D,"CCI: Channel=5, RSSI=-77"
09:09:40:360,F0:F8:F2:DA:2D:0D,"CCI: Channel=20, RSSI=-71"
09:09:40:392,F0:F8:F2:DA:06:D9,"CCI: Channel=20, RSSI=-60"
09:09:40:865,F0:F8:F2:DA:2D:0D,"AoA: Angle=6, Ant=2, Channel=21, RSSI=-68"
09:09:41:375,F0:F8:F2:DA:2D:0D,"AoA: Angle=-4, Ant=1, Channel=22, RSSI=-69"
09:09:41:542,F0:F8:F2:DA:2D:0D,"CCI: Channel=15, RSSI=-72"
09:09:41:566,F0:F8:F2:DA:06:D9,"CCI: Channel=15, RSSI=-62"
09:09:41:641,F0:F8:F2:DA:2D:0D,"CCI: Channel=30, RSSI=-71"
09:09:41:780,F0:F8:F2:DA:2D:0D,"AoA: Angle=13, Ant=2, Channel=30, RSSI=-71"
09:09:41:982,F0:F8:F2:DA:2D:0D,"CCI: Channel=1, RSSI=-72"
09:09:42:500,F0:F8:F2:DA:06:D9,"CCI: Channel=1, RSSI=-64"
09:09:42:202,F0:F8:F2:DA:2D:0D,"AoA: Angle=-4, Ant=2, Channel=16, RSSI=-69"
09:09:42:583,F0:F8:F2:DA:2D:0D,"AoA: Angle=-5, Ant=1, Channel=17, RSSI=-72"
09:09:42:756,F0:F8:F2:DA:06:D9,"CCI: Channel=10, RSSI=-64"
09:09:42:781,F0:F8:F2:DA:2D:0D,"CCI: Channel=10, RSSI=-71"
09:09:42:883,F0:F8:F2:DA:2D:0D,"CCI: Channel=25, RSSI=-71"
09:09:43:291,F0:F8:F2:DA:2D:0D,"AoA: Angle=-14, Ant=1, Channel=33, RSSI=-71"
09:09:43:654,F0:F8:F2:DA:2D:0D,"AoA: Angle=4, Ant=1, Channel=19, RSSI=-71"
09:09:43:940,F0:F8:F2:DA:06:D9,"CCI: Channel=5, RSSI=-64"
09:09:43:967,F0:F8:F2:DA:2D:0D,"CCI: Channel=5, RSSI=-71"
09:09:44:650,F0:F8:F2:DA:2D:0D,"CCI: Channel=20, RSSI=-68"
09:09:44:910,F0:F8:F2:DA:2D:0D,"AoA: Angle=4, Ant=2, Channel=20, RSSI=-68"
09:09:44:596,F0:F8:F2:DA:2D:0D,"AoA: Angle=5, Ant=1, Channel=21, RSSI=-71"
09:09:45:105,F0:F8:F2:DA:2D:0D,"AoA: Angle=5, Ant=2, Channel=22, RSSI=-68"
09:09:45:290,F0:F8:F2:DA:2D:0D,"CCI: Channel=15, RSSI=-71"
09:09:45:329,F0:F8:F2:DA:06:D9,"CCI: Channel=15, RSSI=-61"
09:09:45:453,F0:F8:F2:DA:2D:0D,"CCI: Channel=30, RSSI=-71"
09:09:45:611,F0:F8:F2:DA:2D:0D,"AoA: Angle=-3, Ant=1, Channel=23, RSSI=-68"
09:09:45:684,F0:F8:F2:DA:2D:0D,"CCI: Channel=1, RSSI=-76"
09:09:45:713,F0:F8:F2:DA:06:D9,"CCI: Channel=1, RSSI=-64"
09:09:46:850,F0:F8:F2:DA:2D:0D,"AoA: Angle=4, Ant=2, Channel=24, RSSI=-68"
09:09:46:441,F0:F8:F2:DA:2D:0D,"CCI: Channel=10, RSSI=-77"
09:09:46:466,F0:F8:F2:DA:06:D9,"CCI: Channel=10, RSSI=-64"
09:09:46:553,F0:F8:F2:DA:06:D9,"CCI: Channel=25, RSSI=-59"
09:09:46:646,F0:F8:F2:DA:2D:0D,"CCI: Channel=25, RSSI=-68"
09:09:46:667,F0:F8:F2:DA:2D:0D,"AoA: Angle=-15, Ant=1, Channel=25, RSSI=-68"
09:09:47:500,F0:F8:F2:DA:2D:0D,"AoA: Angle=3, Ant=2, Channel=26, RSSI=-71"
09:09:47:479,F0:F8:F2:DA:2D:0D,"AoA: Angle=-15, Ant=1, Channel=34, RSSI=-71"
09:09:47:639,F0:F8:F2:DA:2D:0D,"CCI: Channel=5, RSSI=-77"
09:09:47:684,F0:F8:F2:DA:06:D9,"CCI: Channel=5, RSSI=-64"
09:09:47:739,F0:F8:F2:DA:06:D9,"CCI: Channel=20, RSSI=-61"
09:09:47:765,F0:F8:F2:DA:2D:0D,"CCI: Channel=20, RSSI=-71"
09:09:47:847,F0:F8:F2:DA:2D:0D,"AoA: Angle=5, Ant=1, Channel=20, RSSI=-71"
09:09:48:523,F0:F8:F2:DA:2D:0D,"AoA: Angle=-3, Ant=1, Channel=36, RSSI=-72"
09:09:48:827,F0:F8:F2:DA:2D:0D,"AoA: Angle=17, Ant=1, Channel=22, RSSI=-69"
09:09:48:933,F0:F8:F2:DA:2D:0D,"CCI: Channel=15, RSSI=-72"
09:09:48:969,F0:F8:F2:DA:06:D9,"CCI: Channel=15, RSSI=-60"
09:09:49:370,F0:F8:F2:DA:2D:0D,"CCI: Channel=30, RSSI=-72"
09:09:49:780,F0:F8:F2:DA:06:D9,"CCI: Channel=30, RSSI=-59"
09:09:49:267,F0:F8:F2:DA:2D:0D,"AoA: Angle=6, Ant=2, Channel=23, RSSI=-68"
09:09:49:332,F0:F8:F2:DA:06:D9,"CCI: Channel=1, RSSI=-65"
09:09:49:367,F0:F8:F2:DA:2D:0D,"CCI: Channel=1, RSSI=-72"
09:09:49:678,F0:F8:F2:DA:2D:0D,"AoA: Angle=-3, Ant=1, Channel=31, RSSI=-69"
09:09:50:440,F0:F8:F2:DA:2D:0D,"AoA: Angle=-4, Ant=1, Channel=17, RSSI=-72"
09:09:50:147,F0:F8:F2:DA:2D:0D,"CCI: Channel=10, RSSI=-71"
09:09:50:152,F0:F8:F2:DA:06:D9,"CCI: Channel=10, RSSI=-64"
09:09:50:249,F0:F8:F2:DA:2D:0D,"CCI: Channel=25, RSSI=-69"
09:09:50:267,F0:F8:F2:DA:06:D9,"CCI: Channel=25, RSSI=-59"
09:09:50:462,F0:F8:F2:DA:2D:0D,"AoA: Angle=-4, Ant=2, Channel=18, RSSI=-69"
09:09:51:440,F0:F8:F2:DA:2D:0D,"AoA: Angle=6, Ant=1, Channel=19, RSSI=-71"
09:09:51:351,F0:F8:F2:DA:06:D9,"CCI: Channel=5, RSSI=-64"
09:09:51:369,F0:F8:F2:DA:2D:0D,"CCI: Channel=5, RSSI=-71"
09:09:51:447,F0:F8:F2:DA:06:D9,"CCI: Channel=20, RSSI=-60"
09:09:51:453,F0:F8:F2:DA:2D:0D,"CCI: Channel=20, RSSI=-68"
09:09:51:470,F0:F8:F2:DA:2D:0D,"AoA: Angle=-4, Ant=2, Channel=20, RSSI=-68"
09:09:51:877,F0:F8:F2:DA:2D:0D,"AoA: Angle=-13, Ant=2, Channel=6, RSSI=-66"
09:09:52:442,F0:F8:F2:DA:2D:0D,"AoA: Angle=-22, Ant=2, Channel=22, RSSI=-66"
09:09:52:635,F0:F8:F2:DA:06:D9,"CCI: Channel=15, RSSI=-62"
09:09:52:665,F0:F8:F2:DA:2D:0D,"CCI: Channel=15, RSSI=-66"
09:09:52:753,F0:F8:F2:DA:2D:0D,"CCI: Channel=30, RSSI=-66"
09:09:52:978,F0:F8:F2:DA:2D:0D,"AoA: Angle=-33, Ant=2, Channel=8, RSSI=-66"
09:09:53:510,F0:F8:F2:DA:06:D9,"CCI: Channel=1, RSSI=-65"
09:09:53:790,F0:F8:F2:DA:2D:0D,"CCI: Channel=1, RSSI=-66"
09:09:53:479,F0:F8:F2:DA:2D:0D,"AoA: Angle=-32, Ant=2, Channel=24, RSSI=-65"
09:09:53:842,F0:F8:F2:DA:2D:0D,"AoA: Angle=-34, Ant=2, Channel=10, RSSI=-66"
09:09:53:849,F0:F8:F2:DA:2D:0D,"CCI: Channel=10, RSSI=-66"
09:09:53:893,F0:F8:F2:DA:06:D9,"CCI: Channel=10, RSSI=-66"
09:09:53:946,F0:F8:F2:DA:2D:0D,"CCI: Channel=25, RSSI=-68"
09:09:53:980,F0:F8:F2:DA:06:D9,"CCI: Channel=25, RSSI=-59"
09:09:54:257,F0:F8:F2:DA:2D:0D,"AoA: Angle=-31, Ant=2, Channel=33, RSSI=-66"
09:09:54:678,F0:F8:F2:DA:2D:0D,"AoA: Angle=-32, Ant=2, Channel=19, RSSI=-66"
09:09:55:430,F0:F8:F2:DA:2D:0D,"AoA: Angle=-29, Ant=2, Channel=5, RSSI=-66"
09:09:55:500,F0:F8:F2:DA:2D:0D,"CCI: Channel=5, RSSI=-66"
09:09:55:600,F0:F8:F2:DA:06:D9,"CCI: Channel=5, RSSI=-66"
09:09:55:143,F0:F8:F2:DA:2D:0D,"CCI: Channel=20, RSSI=-71"
09:09:55:150,F0:F8:F2:DA:06:D9,"CCI: Channel=20, RSSI=-61"
09:09:55:461,F0:F8:F2:DA:2D:0D,"AoA: Angle=-28, Ant=2, Channel=28, RSSI=-66"
09:09:55:895,F0:F8:F2:DA:2D:0D,"AoA: Angle=-29, Ant=2, Channel=14, RSSI=-68"
09:09:56:252,F0:F8:F2:DA:2D:0D,"AoA: Angle=-29, Ant=2, Channel=0, RSSI=-66"
09:09:56:347,F0:F8:F2:DA:06:D9,"CCI: Channel=15, RSSI=-62"
09:09:56:366,F0:F8:F2:DA:2D:0D,"CCI: Channel=15, RSSI=-72"
09:09:56:447,F0:F8:F2:DA:2D:0D,"CCI: Channel=30, RSSI=-72"
09:09:56:758,F0:F8:F2:DA:06:D9,"CCI: Channel=1, RSSI=-64"
09:09:56:780,F0:F8:F2:DA:2D:0D,"CCI: Channel=1, RSSI=-71"
09:09:57:930,F0:F8:F2:DA:2D:0D,"AoA: Angle=-31, Ant=2, Channel=9, RSSI=-66"
09:09:57:444,F0:F8:F2:DA:2D:0D,"AoA: Angle=-29, Ant=2, Channel=32, RSSI=-66"
09:09:57:543,F0:F8:F2:DA:2D:0D,"CCI: Channel=10, RSSI=-69"
09:09:57:596,F0:F8:F2:DA:06:D9,"CCI: Channel=10, RSSI=-64"
09:09:57:675,F0:F8:F2:DA:2D:0D,"CCI: Channel=25, RSSI=-66"
09:09:57:704,F0:F8:F2:DA:06:D9,"CCI: Channel=25, RSSI=-59"
09:09:57:931,F0:F8:F2:DA:2D:0D,"AoA: Angle=-31, Ant=2, Channel=18, RSSI=-66"
09:09:58:382,F0:F8:F2:DA:2D:0D,"AoA: Angle=-30, Ant=2, Channel=4, RSSI=-66"
09:09:58:726,F0:F8:F2:DA:2D:0D,"CCI: Channel=5, RSSI=-71"
09:09:58:778,F0:F8:F2:DA:06:D9,"CCI: Channel=5, RSSI=-66"
09:09:58:851,F0:F8:F2:DA:2D:0D,"CCI: Channel=20, RSSI=-66"
09:09:58:872,F0:F8:F2:DA:2D:0D,"AoA: Angle=-31, Ant=2, Channel=20, RSSI=-66"
09:09:58:894,F0:F8:F2:DA:06:D9,"CCI: Channel=20, RSSI=-60"
09:09:59:276,F0:F8:F2:DA:2D:0D,"AoA: Angle=-30, Ant=2, Channel=6, RSSI=-66"
09:09:59:681,F0:F8:F2:DA:2D:0D,"AoA: Angle=-29, Ant=2, Channel=29, RSSI=-66"
09:10:00:420,F0:F8:F2:DA:06:D9,"CCI: Channel=15, RSSI=-61"
09:10:00:106,F0:F8:F2:DA:2D:0D,"CCI: Channel=15, RSSI=-66"
09:10:00:129,F0:F8:F2:DA:2D:0D,"AoA: Angle=-30, Ant=2, Channel=15, RSSI=-66"
09:10:00:176,F0:F8:F2:DA:2D:0D,"CCI: Channel=30, RSSI=-66"
09:10:00:440,F0:F8:F2:DA:2D:0D,"CCI: Channel=1, RSSI=-66"
09:10:00:466,F0:F8:F2:DA:06:D9,"CCI: Channel=1, RSSI=-64"
09:10:00:661,F0:F8:F2:DA:2D:0D,"AoA: Angle=-31, Ant=2, Channel=31, RSSI=-66"
09:10:01:770,F0:F8:F2:DA:2D:0D,"AoA: Angle=-33, Ant=2, Channel=17, RSSI=-67"
09:10:01:278,F0:F8:F2:DA:2D:0D,"CCI: Channel=10, RSSI=-66"
09:10:01:315,F0:F8:F2:DA:06:D9,"CCI: Channel=10, RSSI=-65"
09:10:01:374,F0:F8:F2:DA:2D:0D,"CCI: Channel=25, RSSI=-66"
09:10:01:796,F0:F8:F2:DA:2D:0D,"AoA: Angle=-33, Ant=2, Channel=33, RSSI=-66"
09:10:02:181,F0:F8:F2:DA:2D:0D,"AoA: Angle=-32, Ant=2, Channel=19, RSSI=-66"
09:10:02:461,F0:F8:F2:DA:2D:0D,"CCI: Channel=5, RSSI=-66"
09:10:02:497,F0:F8:F2:DA:06:D9,"CCI: Channel=5, RSSI=-64"
09:10:02:588,F0:F8:F2:DA:2D:0D,"CCI: Channel=20, RSSI=-71"
09:10:02:619,F0:F8:F2:DA:06:D9,"CCI: Channel=20, RSSI=-61"
09:10:02:796,F0:F8:F2:DA:2D:0D,"AoA: Angle=-32, Ant=2, Channel=35, RSSI=-66"
09:10:03:263,F0:F8:F2:DA:2D:0D,"AoA: Angle=-31, Ant=2, Channel=14, RSSI=-67"
09:10:03:680,F0:F8:F2:DA:2D:0D,"AoA: Angle=-31, Ant=2, Channel=0, RSSI=-66"
09:10:03:772,F0:F8:F2:DA:2D:0D,"CCI: Channel=15, RSSI=-72"
09:10:03:799,F0:F8:F2:DA:06:D9,"CCI: Channel=15, RSSI=-61"
09:10:03:872,F0:F8:F2:DA:2D:0D,"CCI: Channel=30, RSSI=-72"
09:10:04:144,F0:F8:F2:DA:06:D9,"CCI: Channel=1, RSSI=-64"
09:10:04:207,F0:F8:F2:DA:2D:0D,"CCI: Channel=1, RSSI=-71"
09:10:04:299,F0:F8:F2:DA:2D:0D,"AoA: Angle=-31, Ant=2, Channel=16, RSSI=-66"
09:10:04:641,F0:F8:F2:DA:2D:0D,"AoA: Angle=-31, Ant=2, Channel=2, RSSI=-66"
09:10:04:939,F0:F8:F2:DA:2D:0D,"CCI: Channel=10, RSSI=-69"
09:10:04:959,F0:F8:F2:DA:06:D9,"CCI: Channel=10, RSSI=-64"
09:10:05:550,F0:F8:F2:DA:2D:0D,"CCI: Channel=25, RSSI=-69"
09:10:05:271,F0:F8:F2:DA:2D:0D,"AoA: Angle=-32, Ant=2, Channel=18, RSSI=-66"
09:10:05:784,F0:F8:F2:DA:2D:0D,"AoA: Angle=-33, Ant=2, Channel=4, RSSI=-67"
09:10:06:152,F0:F8:F2:DA:2D:0D,"AoA: Angle=-31, Ant=2, Channel=27, RSSI=-66"
09:10:06:168,F0:F8:F2:DA:06:D9,"CCI: Channel=5, RSSI=-64"
09:10:06:174,F0:F8:F2:DA:2D:0D,"CCI: Channel=5, RSSI=-71"
09:10:06:252,F0:F8:F2:DA:06:D9,"CCI: Channel=20, RSSI=-60"
09:10:06:257,F0:F8:F2:DA:2D:0D,"CCI: Channel=20, RSSI=-66"
09:10:06:582,F0:F8:F2:DA:2D:0D,"AoA: Angle=-32, Ant=2, Channel=13, RSSI=-67"
09:10:06:967,F0:F8:F2:DA:2D:0D,"AoA: Angle=-28, Ant=2, Channel=36, RSSI=-66"
09:10:07:436,F0:F8:F2:DA:06:D9,"CCI: Channel=15, RSSI=-61"
09:10:07:486,F0:F8:F2:DA:2D:0D,"AoA: Angle=-30, Ant=2, Channel=15, RSSI=-66"
09:10:07:493,F0:F8:F2:DA:2D:0D,"CCI: Channel=15, RSSI=-66"
09:10:07:537,F0:F8:F2:DA:06:D9,"CCI: Channel=30, RSSI=-60"
09:10:07:581,F0:F8:F2:DA:2D:0D,"CCI: Channel=30, RSSI=-69"
09:10:07:838,F0:F8:F2:DA:2D:0D,"CCI: Channel=1, RSSI=-66"
09:10:07:865,F0:F8:F2:DA:2D:0D,"AoA: Angle=-30, Ant=2, Channel=1, RSSI=-66"
09:10:07:871,F0:F8:F2:DA:06:D9,"CCI: Channel=1, RSSI=-65"
09:10:08:266,F0:F8:F2:DA:2D:0D,"AoA: Angle=-32, Ant=2, Channel=24, RSSI=-66"
09:10:08:637,F0:F8:F2:DA:06:D9,"CCI: Channel=10, RSSI=-64"
09:10:08:695,F0:F8:F2:DA:2D:0D,"CCI: Channel=10, RSSI=-66"
09:10:08:787,F0:F8:F2:DA:2D:0D,"CCI: Channel=25, RSSI=-66"
09:10:08:986,F0:F8:F2:DA:2D:0D,"AoA: Angle=-33, Ant=2, Channel=3, RSSI=-67"
09:10:09:517,F0:F8:F2:DA:2D:0D,"AoA: Angle=-32, Ant=2, Channel=19, RSSI=-69"
09:10:09:909,F0:F8:F2:DA:06:D9,"CCI: Channel=5, RSSI=-63"
09:10:09:951,F0:F8:F2:DA:2D:0D,"CCI: Channel=5, RSSI=-79"
09:10:09:975,F0:F8:F2:DA:2D:0D,"AoA: Angle=-22, Ant=1, Channel=27, RSSI=-68"
09:10:10:100,F0:F8:F2:DA:06:D9,"CCI: Channel=20, RSSI=-61"
09:10:10:230,F0:F8:F2:DA:2D:0D,"CCI: Channel=20, RSSI=-71"
09:10:10:522,F0:F8:F2:DA:2D:0D,"AoA: Angle=-2, Ant=2, Channel=21, RSSI=-69"
09:10:10:853,F0:F8:F2:DA:2D:0D,"AoA: Angle=7, Ant=1, Channel=29, RSSI=-69"
09:10:11:151,F0:F8:F2:DA:2D:0D,"CCI: Channel=15, RSSI=-72"
09:10:11:208,F0:F8:F2:DA:06:D9,"CCI: Channel=15, RSSI=-61"
09:10:11:283,F0:F8:F2:DA:2D:0D,"CCI: Channel=30, RSSI=-72"
09:10:11:493,F0:F8:F2:DA:2D:0D,"AoA: Angle=14, Ant=2, Channel=23, RSSI=-71"
09:10:11:537,F0:F8:F2:DA:06:D9,"CCI: Channel=1, RSSI=-64"
09:10:11:587,F0:F8:F2:DA:2D:0D,"CCI: Channel=1, RSSI=-72"
09:10:11:853,F0:F8:F2:DA:2D:0D,"AoA: Angle=-4, Ant=1, Channel=31, RSSI=-71"
09:10:12:249,F0:F8:F2:DA:2D:0D,"AoA: Angle=3, Ant=1, Channel=17, RSSI=-72"
09:10:12:350,F0:F8:F2:DA:2D:0D,"CCI: Channel=10, RSSI=-71"
09:10:12:385,F0:F8:F2:DA:06:D9,"CCI: Channel=10, RSSI=-63"
09:10:12:453,F0:F8:F2:DA:2D:0D,"CCI: Channel=25, RSSI=-71"
09:10:12:484,F0:F8:F2:DA:06:D9,"CCI: Channel=25, RSSI=-59"
09:10:12:691,F0:F8:F2:DA:2D:0D,"AoA: Angle=-5, Ant=2, Channel=18, RSSI=-71"
09:10:13:380,F0:F8:F2:DA:2D:0D,"AoA: Angle=3, Ant=1, Channel=12, RSSI=-71"
09:10:13:534,F0:F8:F2:DA:06:D9,"CCI: Channel=5, RSSI=-65"
09:10:13:584,F0:F8:F2:DA:2D:0D,"CCI: Channel=5, RSSI=-71"
09:10:13:646,F0:F8:F2:DA:2D:0D,"CCI: Channel=20, RSSI=-71"
09:10:13:667,F0:F8:F2:DA:06:D9,"CCI: Channel=20, RSSI=-60"
09:10:13:857,F0:F8:F2:DA:2D:0D,"AoA: Angle=-4, Ant=1, Channel=35, RSSI=-71"
09:10:14:367,F0:F8:F2:DA:2D:0D,"AoA: Angle=6, Ant=1, Channel=14, RSSI=-71"
09:10:14:830,F0:F8:F2:DA:06:D9,"CCI: Channel=15, RSSI=-62"
09:10:14:890,F0:F8:F2:DA:2D:0D,"CCI: Channel=15, RSSI=-68"
09:10:14:914,F0:F8:F2:DA:2D:0D,"AoA: Angle=19, Ant=2, Channel=15, RSSI=-68"
09:10:14:972,F0:F8:F2:DA:06:D9,"CCI: Channel=30, RSSI=-60"
09:10:15:000,F0:F8:F2:DA:2D:0D,"CCI: Channel=30, RSSI=-68"
09:10:15:238,F0:F8:F2:DA:2D:0D,"CCI: Channel=1, RSSI=-71"
09:10:15:258,F0:F8:F2:DA:2D:0D,"AoA: Angle=8, Ant=1, Channel=23, RSSI=-68"
09:10:15:277,F0:F8:F2:DA:06:D9,"CCI: Channel=1, RSSI=-69"
09:10:15:642,F0:F8:F2:DA:2D:0D,"AoA: Angle=-1, Ant=2, Channel=24, RSSI=-68"
09:10:16:650,F0:F8:F2:DA:2D:0D,"AoA: Angle=-12, Ant=2, Channel=10, RSSI=-66"
09:10:16:770,F0:F8:F2:DA:2D:0D,"CCI: Channel=10, RSSI=-66"
09:10:16:960,F0:F8:F2:DA:06:D9,"CCI: Channel=10, RSSI=-64"
09:10:16:166,F0:F8:F2:DA:2D:0D,"CCI: Channel=25, RSSI=-68"
09:10:16:190,F0:F8:F2:DA:06:D9,"CCI: Channel=25, RSSI=-62"
09:10:16:478,F0:F8:F2:DA:2D:0D,"AoA: Angle=-9, Ant=2, Channel=33, RSSI=-68"
09:10:17:450,F0:F8:F2:DA:2D:0D,"AoA: Angle=-7, Ant=2, Channel=12, RSSI=-68"
09:10:17:248,F0:F8:F2:DA:2D:0D,"CCI: Channel=5, RSSI=-71"
09:10:17:285,F0:F8:F2:DA:06:D9,"CCI: Channel=5, RSSI=-69"
09:10:17:356,F0:F8:F2:DA:2D:0D,"CCI: Channel=20, RSSI=-72"
09:10:17:380,F0:F8:F2:DA:06:D9,"CCI: Channel=20, RSSI=-68"
09:10:17:477,F0:F8:F2:DA:2D:0D,"AoA: Angle=-4, Ant=2, Channel=35, RSSI=-72"
09:10:17:879,F0:F8:F2:DA:2D:0D,"AoA: Angle=4, Ant=1, Channel=6, RSSI=-68"
09:10:18:276,F0:F8:F2:DA:2D:0D,"AoA: Angle=13, Ant=2, Channel=7, RSSI=-68"
09:10:18:540,F0:F8:F2:DA:2D:0D,"CCI: Channel=15, RSSI=-77"
09:10:18:561,F0:F8:F2:DA:06:D9,"CCI: Channel=15, RSSI=-69"
09:10:18:656,F0:F8:F2:DA:2D:0D,"CCI: Channel=30, RSSI=-67"
09:10:18:683,F0:F8:F2:DA:2D:0D,"AoA: Angle=0, Ant=2, Channel=30, RSSI=-67"
09:10:18:708,F0:F8:F2:DA:06:D9,"CCI: Channel=30, RSSI=-68"
09:10:18:976,F0:F8:F2:DA:2D:0D,"CCI: Channel=1, RSSI=-72"
09:10:19:400,F0:F8:F2:DA:06:D9,"CCI: Channel=1, RSSI=-73"
09:10:19:980,F0:F8:F2:DA:2D:0D,"AoA: Angle=-11, Ant=2, Channel=16, RSSI=-72"
09:10:19:489,F0:F8:F2:DA:2D:0D,"AoA: Angle=-30, Ant=2, Channel=2, RSSI=-64"
09:10:19:744,F0:F8:F2:DA:2D:0D,"CCI: Channel=10, RSSI=-71"
09:10:19:773,F0:F8:F2:DA:06:D9,"CCI: Channel=10, RSSI=-68"
09:10:19:864,F0:F8:F2:DA:2D:0D,"CCI: Channel=25, RSSI=-71"
09:10:19:898,F0:F8:F2:DA:2D:0D,"AoA: Angle=-29, Ant=2, Channel=25, RSSI=-71"
09:10:19:913,F0:F8:F2:DA:06:D9,"CCI: Channel=25, RSSI=-66"
09:10:20:278,F0:F8:F2:DA:2D:0D,"AoA: Angle=-20, Ant=2, Channel=11, RSSI=-66"
09:10:20:683,F0:F8:F2:DA:2D:0D,"AoA: Angle=-18, Ant=2, Channel=34, RSSI=-65"
09:10:20:921,F0:F8:F2:DA:06:D9,"CCI: Channel=5, RSSI=-72"
09:10:20:977,F0:F8:F2:DA:2D:0D,"CCI: Channel=5, RSSI=-72"
09:10:21:410,F0:F8:F2:DA:06:D9,"CCI: Channel=20, RSSI=-69"
09:10:21:108,F0:F8:F2:DA:2D:0D,"CCI: Channel=20, RSSI=-68"
09:10:21:290,F0:F8:F2:DA:2D:0D,"AoA: Angle=-20, Ant=2, Channel=13, RSSI=-66"
09:10:21:667,F0:F8:F2:DA:2D:0D,"AoA: Angle=-25, Ant=2, Channel=36, RSSI=-66"
09:10:22:510,F0:F8:F2:DA:2D:0D,"AoA: Angle=-25, Ant=2, Channel=22, RSSI=-68"
09:10:22:271,F0:F8:F2:DA:2D:0D,"CCI: Channel=15, RSSI=-72"
09:10:22:277,F0:F8:F2:DA:06:D9,"CCI: Channel=15, RSSI=-64"
09:10:22:376,F0:F8:F2:DA:2D:0D,"CCI: Channel=30, RSSI=-69"
09:10:22:385,F0:F8:F2:DA:06:D9,"CCI: Channel=30, RSSI=-64"
09:10:22:489,F0:F8:F2:DA:2D:0D,"AoA: Angle=-15, Ant=2, Channel=8, RSSI=-66"
09:10:22:623,F0:F8:F2:DA:2D:0D,"CCI: Channel=1, RSSI=-65"
09:10:22:627,F0:F8:F2:DA:06:D9,"CCI: Channel=1, RSSI=-74"
09:10:22:887,F0:F8:F2:DA:2D:0D,"AoA: Angle=-16, Ant=2, Channel=31, RSSI=-66"
09:10:23:250,F0:F8:F2:DA:2D:0D,"AoA: Angle=-16, Ant=2, Channel=17, RSSI=-71"
09:10:23:454,F0:F8:F2:DA:2D:0D,"CCI: Channel=10, RSSI=-66"
09:10:23:458,F0:F8:F2:DA:06:D9,"CCI: Channel=10, RSSI=-66"
09:10:23:555,F0:F8:F2:DA:2D:0D,"CCI: Channel=25, RSSI=-68"
09:10:23:571,F0:F8:F2:DA:06:D9,"CCI: Channel=25, RSSI=-65"
09:10:23:654,F0:F8:F2:DA:2D:0D,"AoA: Angle=-24, Ant=2, Channel=3, RSSI=-64"
09:10:24:890,F0:F8:F2:DA:2D:0D,"AoA: Angle=-25, Ant=2, Channel=26, RSSI=-67"
09:10:24:449,F0:F8:F2:DA:2D:0D,"AoA: Angle=-27, Ant=2, Channel=12, RSSI=-66"
09:10:24:653,F0:F8:F2:DA:06:D9,"CCI: Channel=5, RSSI=-65"
09:10:24:672,F0:F8:F2:DA:2D:0D,"CCI: Channel=5, RSSI=-65"
09:10:24:751,F0:F8:F2:DA:06:D9,"CCI: Channel=20, RSSI=-68"
09:10:24:758,F0:F8:F2:DA:2D:0D,"CCI: Channel=20, RSSI=-73"
09:10:24:866,F0:F8:F2:DA:2D:0D,"AoA: Angle=-25, Ant=2, Channel=35, RSSI=-64"
09:10:25:691,F0:F8:F2:DA:2D:0D,"AoA: Angle=-25, Ant=2, Channel=7, RSSI=-64"
09:10:25:950,F0:F8:F2:DA:2D:0D,"CCI: Channel=15, RSSI=-73"
09:10:25:985,F0:F8:F2:DA:06:D9,"CCI: Channel=15, RSSI=-66"
09:10:26:370,F0:F8:F2:DA:06:D9,"CCI: Channel=30, RSSI=-71"
09:10:26:710,F0:F8:F2:DA:2D:0D,"CCI: Channel=30, RSSI=-66"
09:10:26:810,F0:F8:F2:DA:2D:0D,"AoA: Angle=-22, Ant=2, Channel=30, RSSI=-66"
09:10:26:333,F0:F8:F2:DA:06:D9,"CCI: Channel=1, RSSI=-77"
09:10:26:367,F0:F8:F2:DA:2D:0D,"CCI: Channel=1, RSSI=-81"
09:10:26:464,F0:F8:F2:DA:2D:0D,"AoA: Angle=-24, Ant=2, Channel=16, RSSI=-74"
09:10:26:875,F0:F8:F2:DA:2D:0D,"AoA: Angle=-27, Ant=2, Channel=2, RSSI=-73"
09:10:27:137,F0:F8:F2:DA:2D:0D,"CCI: Channel=10, RSSI=-89"
09:10:27:155,F0:F8:F2:DA:06:D9,"CCI: Channel=10, RSSI=-67"
09:10:27:233,F0:F8:F2:DA:2D:0D,"CCI: Channel=25, RSSI=-89"
09:10:27:649,F0:F8:F2:DA:2D:0D,"AoA: Angle=-16, Ant=2, Channel=11, RSSI=-77"
09:10:28:680,F0:F8:F2:DA:2D:0D,"AoA: Angle=-19, Ant=1, Channel=19, RSSI=-74"
09:10:28:367,F0:F8:F2:DA:2D:0D,"CCI: Channel=5, RSSI=-84"
09:10:28:386,F0:F8:F2:DA:06:D9,"CCI: Channel=5, RSSI=-80"
09:10:28:430,F0:F8:F2:DA:06:D9,"CCI: Channel=20, RSSI=-66"
09:10:28:486,F0:F8:F2:DA:2D:0D,"CCI: Channel=20, RSSI=-84"
09:10:28:508,F0:F8:F2:DA:2D:0D,"AoA: Angle=-7, Ant=2, Channel=20, RSSI=-84"
09:10:28:847,F0:F8:F2:DA:2D:0D,"AoA: Angle=-15, Ant=1, Channel=28, RSSI=-68"
09:10:29:663,F0:F8:F2:DA:2D:0D,"AoA: Angle=5, Ant=1, Channel=0, RSSI=-68"
09:10:29:669,F0:F8:F2:DA:2D:0D,"CCI: Channel=15, RSSI=-71"
09:10:29:688,F0:F8:F2:DA:06:D9,"CCI: Channel=15, RSSI=-62"
09:10:29:768,F0:F8:F2:DA:2D:0D,"CCI: Channel=30, RSSI=-68"
09:10:29:790,F0:F8:F2:DA:06:D9,"CCI: Channel=30, RSSI=-63"
09:10:30:790,F0:F8:F2:DA:2D:0D,"AoA: Angle=6, Ant=1, Channel=23, RSSI=-67"
09:10:30:850,F0:F8:F2:DA:2D:0D,"CCI: Channel=1, RSSI=-72"
09:10:30:447,F0:F8:F2:DA:2D:0D,"AoA: Angle=11, Ant=2, Channel=24, RSSI=127"
09:10:30:862,F0:F8:F2:DA:06:D9,"CCI: Channel=10, RSSI=-68"
09:10:30:870,F0:F8:F2:DA:2D:0D,"CCI: Channel=10, RSSI=-71"
09:10:30:954,F0:F8:F2:DA:06:D9,"CCI: Channel=25, RSSI=-64"
09:10:30:979,F0:F8:F2:DA:2D:0D,"CCI: Channel=25, RSSI=-68"
09:10:31:500,F0:F8:F2:DA:2D:0D,"AoA: Angle=0, Ant=1, Channel=25, RSSI=-68"
09:10:31:377,F0:F8:F2:DA:2D:0D,"AoA: Angle=0, Ant=2, Channel=33, RSSI=127"
09:10:31:766,F0:F8:F2:DA:2D:0D,"AoA: Angle=-3, Ant=2, Channel=19, RSSI=-68"
09:10:32:360,F0:F8:F2:DA:06:D9,"CCI: Channel=5, RSSI=-66"
09:10:32:800,F0:F8:F2:DA:2D:0D,"CCI: Channel=5, RSSI=-68"
09:10:32:130,F0:F8:F2:DA:06:D9,"CCI: Channel=20, RSSI=-71"
09:10:32:192,F0:F8:F2:DA:2D:0D,"CCI: Channel=20, RSSI=-69"
09:10:32:219,F0:F8:F2:DA:2D:0D,"AoA: Angle=-2, Ant=2, Channel=5, RSSI=-68"
09:10:32:534,F0:F8:F2:DA:2D:0D,"AoA: Angle=-3, Ant=2, Channel=28, RSSI=-68"
09:10:32:990,F0:F8:F2:DA:2D:0D,"AoA: Angle=-13, Ant=1, Channel=29, RSSI=-68"
09:10:33:375,F0:F8:F2:DA:2D:0D,"CCI: Channel=15, RSSI=-71"
09:10:33:397,F0:F8:F2:DA:2D:0D,"AoA: Angle=-5, Ant=2, Channel=0, RSSI=-71"
09:10:33:407,F0:F8:F2:DA:06:D9,"CCI: Channel=15, RSSI=-63"
09:10:33:493,F0:F8:F2:DA:2D:0D,"CCI: Channel=30, RSSI=-70"
09:10:33:522,F0:F8:F2:DA:06:D9,"CCI: Channel=30, RSSI=-62"
09:10:33:734,F0:F8:F2:DA:2D:0D,"AoA: Angle=-4, Ant=2, Channel=23, RSSI=-71"
09:10:33:745,F0:F8:F2:DA:2D:0D,"CCI: Channel=1, RSSI=-71"
09:10:33:768,F0:F8:F2:DA:06:D9,"CCI: Channel=1, RSSI=-67"
09:10:34:151,F0:F8:F2:DA:2D:0D,"AoA: Angle=4, Ant=1, Channel=24, RSSI=-68"
09:10:34:562,F0:F8:F2:DA:2D:0D,"CCI: Channel=10, RSSI=-68"
09:10:34:589,F0:F8:F2:DA:06:D9,"CCI: Channel=10, RSSI=-64"
09:10:34:665,F0:F8:F2:DA:2D:0D,"CCI: Channel=25, RSSI=-68"
09:10:34:910,F0:F8:F2:DA:2D:0D,"AoA: Angle=-1, Ant=2, Channel=18, RSSI=-71"
09:10:35:254,F0:F8:F2:DA:2D:0D,"AoA: Angle=-12, Ant=1, Channel=26, RSSI=-68"
09:10:35:649,F0:F8:F2:DA:2D:0D,"AoA: Angle=-10, Ant=1, Channel=12, RSSI=-68"
09:10:35:744,F0:F8:F2:DA:2D:0D,"CCI: Channel=5, RSSI=-71"
09:10:35:768,F0:F8:F2:DA:06:D9,"CCI: Channel=5, RSSI=-67"
09:10:35:874,F0:F8:F2:DA:2D:0D,"CCI: Channel=20, RSSI=-71"
09:10:35:905,F0:F8:F2:DA:06:D9,"CCI: Channel=20, RSSI=-64"
09:10:36:920,F0:F8:F2:DA:2D:0D,"AoA: Angle=-12, Ant=2, Channel=13, RSSI=-69"
09:10:36:578,F0:F8:F2:DA:2D:0D,"AoA: Angle=-2, Ant=2, Channel=36, RSSI=-71"
09:10:37:470,F0:F8:F2:DA:06:D9,"CCI: Channel=15, RSSI=-62"
09:10:37:720,F0:F8:F2:DA:2D:0D,"AoA: Angle=-2, Ant=2, Channel=15, RSSI=-71"
09:10:37:820,F0:F8:F2:DA:2D:0D,"CCI: Channel=15, RSSI=-71"
09:10:37:170,F0:F8:F2:DA:06:D9,"CCI: Channel=30, RSSI=-62"
09:10:37:209,F0:F8:F2:DA:2D:0D,"CCI: Channel=30, RSSI=-68"
09:10:37:466,F0:F8:F2:DA:06:D9,"CCI: Channel=1, RSSI=-67"
09:10:37:493,F0:F8:F2:DA:2D:0D,"AoA: Angle=-3, Ant=1, Channel=23, RSSI=-68"
09:10:37:507,F0:F8:F2:DA:2D:0D,"CCI: Channel=1, RSSI=-71"
09:10:37:903,F0:F8:F2:DA:2D:0D,"AoA: Angle=-4, Ant=2, Channel=24, RSSI=-69"
09:10:38:242,F0:F8:F2:DA:2D:0D,"CCI: Channel=10, RSSI=-68"
09:10:38:307,F0:F8:F2:DA:06:D9,"CCI: Channel=10, RSSI=-64"
09:10:38:383,F0:F8:F2:DA:06:D9,"CCI: Channel=25, RSSI=-63"
09:10:38:412,F0:F8:F2:DA:2D:0D,"CCI: Channel=25, RSSI=-68"
09:10:56:890,F0:F8:F2:DA:2D:0D,"CCI: Channel=10, RSSI=-68"
09:10:56:997,F0:F8:F2:DA:2D:0D,"CCI: Channel=25, RSSI=-71"
09:10:57:160,F0:F8:F2:DA:2D:0D,"AoA: Angle=4, Ant=1, Channel=10, RSSI=-68"
09:10:57:240,F0:F8:F2:DA:06:D9,"CCI: Channel=25, RSSI=-62"
09:10:57:260,F0:F8:F2:DA:2D:0D,"AoA: Angle=-4, Ant=2, Channel=11, RSSI=-69"
09:10:57:766,F0:F8:F2:DA:2D:0D,"AoA: Angle=-14, Ant=1, Channel=12, RSSI=-68"
09:10:57:973,F0:F8:F2:DA:2D:0D,"CCI: Channel=5, RSSI=-69"
09:10:57:976,F0:F8:F2:DA:06:D9,"CCI: Channel=5, RSSI=-65"
09:10:58:730,F0:F8:F2:DA:2D:0D,"CCI: Channel=20, RSSI=-71"
09:10:58:770,F0:F8:F2:DA:06:D9,"CCI: Channel=20, RSSI=-65"
09:10:58:174,F0:F8:F2:DA:2D:0D,"AoA: Angle=-6, Ant=2, Channel=20, RSSI=-71"
09:10:58:606,F0:F8:F2:DA:2D:0D,"AoA: Angle=-14, Ant=2, Channel=6, RSSI=-68"
09:10:59:173,F0:F8:F2:DA:2D:0D,"AoA: Angle=-11, Ant=2, Channel=22, RSSI=-71"
09:10:59:262,F0:F8:F2:DA:06:D9,"CCI: Channel=15, RSSI=-63"
09:10:59:289,F0:F8:F2:DA:2D:0D,"CCI: Channel=15, RSSI=-71"
09:10:59:366,F0:F8:F2:DA:06:D9,"CCI: Channel=30, RSSI=-62"
09:10:59:382,F0:F8:F2:DA:2D:0D,"CCI: Channel=30, RSSI=-68"
09:10:59:541,F0:F8:F2:DA:2D:0D,"AoA: Angle=-21, Ant=2, Channel=8, RSSI=-68"
09:10:59:625,F0:F8:F2:DA:06:D9,"CCI: Channel=1, RSSI=-65"
09:10:59:640,F0:F8:F2:DA:2D:0D,"CCI: Channel=1, RSSI=-69"
09:10:59:939,F0:F8:F2:DA:2D:0D,"AoA: Angle=-19, Ant=1, Channel=9, RSSI=-68"
09:11:00:354,F0:F8:F2:DA:2D:0D,"AoA: Angle=-12, Ant=1, Channel=32, RSSI=-68"
09:11:00:442,F0:F8:F2:DA:06:D9,"CCI: Channel=10, RSSI=-63"
09:11:00:470,F0:F8:F2:DA:2D:0D,"CCI: Channel=10, RSSI=-68"
09:11:00:563,F0:F8:F2:DA:2D:0D,"CCI: Channel=25, RSSI=-68"
09:11:00:969,F0:F8:F2:DA:2D:0D,"AoA: Angle=-11, Ant=1, Channel=11, RSSI=-68"
09:11:01:337,F0:F8:F2:DA:2D:0D,"AoA: Angle=-4, Ant=2, Channel=19, RSSI=-71"
09:11:01:639,F0:F8:F2:DA:2D:0D,"CCI: Channel=5, RSSI=-69"
09:11:01:675,F0:F8:F2:DA:06:D9,"CCI: Channel=5, RSSI=-65"
09:11:01:722,F0:F8:F2:DA:06:D9,"CCI: Channel=20, RSSI=-66"
09:11:01:757,F0:F8:F2:DA:2D:0D,"CCI: Channel=20, RSSI=-68"
09:11:01:767,F0:F8:F2:DA:2D:0D,"AoA: Angle=-5, Ant=1, Channel=20, RSSI=-68"
09:11:02:298,F0:F8:F2:DA:2D:0D,"AoA: Angle=-6, Ant=1, Channel=6, RSSI=-69"
09:11:02:672,F0:F8:F2:DA:2D:0D,"AoA: Angle=-3, Ant=2, Channel=7, RSSI=-68"
09:11:02:939,F0:F8:F2:DA:2D:0D,"CCI: Channel=15, RSSI=-69"
09:11:02:957,F0:F8:F2:DA:06:D9,"CCI: Channel=15, RSSI=-63"
09:11:03:380,F0:F8:F2:DA:2D:0D,"CCI: Channel=30, RSSI=-69"
09:11:03:361,F0:F8:F2:DA:2D:0D,"CCI: Channel=1, RSSI=-71"
09:11:03:385,F0:F8:F2:DA:06:D9,"CCI: Channel=1, RSSI=-66"
09:11:03:474,F0:F8:F2:DA:2D:0D,"AoA: Angle=-2, Ant=2, Channel=16, RSSI=-71"
09:11:03:889,F0:F8:F2:DA:2D:0D,"AoA: Angle=-10, Ant=1, Channel=24, RSSI=-67"
09:11:04:139,F0:F8:F2:DA:06:D9,"CCI: Channel=10, RSSI=-63"
09:11:04:165,F0:F8:F2:DA:2D:0D,"CCI: Channel=10, RSSI=-68"
09:11:04:314,F0:F8:F2:DA:06:D9,"CCI: Channel=25, RSSI=-63"
09:11:04:340,F0:F8:F2:DA:2D:0D,"AoA: Angle=-13, Ant=1, Channel=10, RSSI=-68"
09:11:04:347,F0:F8:F2:DA:2D:0D,"CCI: Channel=25, RSSI=-70"
09:11:04:674,F0:F8:F2:DA:2D:0D,"AoA: Angle=-14, Ant=2, Channel=11, RSSI=-68"
09:11:05:247,F0:F8:F2:DA:2D:0D,"AoA: Angle=-3, Ant=1, Channel=12, RSSI=-68"
09:11:05:341,F0:F8:F2:DA:2D:0D,"CCI: Channel=5, RSSI=-69"
09:11:05:386,F0:F8:F2:DA:06:D9,"CCI: Channel=5, RSSI=-65"
09:11:05:490,F0:F8:F2:DA:06:D9,"CCI: Channel=20, RSSI=-66"
09:11:05:511,F0:F8:F2:DA:2D:0D,"CCI: Channel=20, RSSI=-69"
09:11:05:654,F0:F8:F2:DA:2D:0D,"AoA: Angle=-4, Ant=2, Channel=13, RSSI=-69"
09:11:06:167,F0:F8:F2:DA:2D:0D,"AoA: Angle=-9, Ant=2, Channel=36, RSSI=-69"
09:11:06:656,F0:F8:F2:DA:06:D9,"CCI: Channel=15, RSSI=-63"
09:11:06:704,F0:F8:F2:DA:2D:0D,"CCI: Channel=15, RSSI=-71"
09:11:06:727,F0:F8:F2:DA:2D:0D,"AoA: Angle=-9, Ant=2, Channel=15, RSSI=-71"
09:11:06:771,F0:F8:F2:DA:2D:0D,"CCI: Channel=30, RSSI=-69"
09:11:06:788,F0:F8:F2:DA:06:D9,"CCI: Channel=30, RSSI=-62"
09:11:07:520,F0:F8:F2:DA:2D:0D,"AoA: Angle=-18, Ant=1, Channel=23, RSSI=-68"
09:11:07:610,F0:F8:F2:DA:2D:0D,"CCI: Channel=1, RSSI=-69"
09:11:07:830,F0:F8:F2:DA:06:D9,"CCI: Channel=1, RSSI=-66"
09:11:07:474,F0:F8:F2:DA:2D:0D,"AoA: Angle=-12, Ant=1, Channel=9, RSSI=-68"
09:11:07:832,F0:F8:F2:DA:06:D9,"CCI: Channel=10, RSSI=-63"
09:11:07:887,F0:F8:F2:DA:2D:0D,"CCI: Channel=10, RSSI=-68"
09:11:07:900,F0:F8:F2:DA:2D:0D,"AoA: Angle=-15, Ant=2, Channel=10, RSSI=-68"
09:11:08:000,F0:F8:F2:DA:2D:0D,"CCI: Channel=25, RSSI=-68"
09:11:08:453,F0:F8:F2:DA:2D:0D,"AoA: Angle=-12, Ant=1, Channel=11, RSSI=-69"
09:11:08:886,F0:F8:F2:DA:2D:0D,"AoA: Angle=-13, Ant=2, Channel=12, RSSI=-69"
09:11:09:520,F0:F8:F2:DA:06:D9,"CCI: Channel=5, RSSI=-65"
09:11:09:730,F0:F8:F2:DA:2D:0D,"CCI: Channel=5, RSSI=-68"
09:11:09:160,F0:F8:F2:DA:06:D9,"CCI: Channel=20, RSSI=-66"
09:11:09:184,F0:F8:F2:DA:2D:0D,"CCI: Channel=20, RSSI=-68"
09:11:09:386,F0:F8:F2:DA:2D:0D,"AoA: Angle=-16, Ant=2, Channel=35, RSSI=-69"
09:11:09:849,F0:F8:F2:DA:2D:0D,"AoA: Angle=-10, Ant=2, Channel=14, RSSI=-69"
09:11:10:262,F0:F8:F2:DA:2D:0D,"AoA: Angle=-15, Ant=1, Channel=22, RSSI=-68"
09:11:10:332,F0:F8:F2:DA:06:D9,"CCI: Channel=15, RSSI=-63"
09:11:10:382,F0:F8:F2:DA:2D:0D,"CCI: Channel=15, RSSI=-69"
09:11:10:432,F0:F8:F2:DA:06:D9,"CCI: Channel=30, RSSI=-62"
09:11:10:486,F0:F8:F2:DA:2D:0D,"CCI: Channel=30, RSSI=-71"
09:11:10:686,F0:F8:F2:DA:2D:0D,"AoA: Angle=-4, Ant=1, Channel=8, RSSI=-68"
09:11:10:738,F0:F8:F2:DA:06:D9,"CCI: Channel=1, RSSI=-66"
09:11:10:794,F0:F8:F2:DA:2D:0D,"CCI: Channel=1, RSSI=-71"
09:11:11:770,F0:F8:F2:DA:2D:0D,"AoA: Angle=-5, Ant=2, Channel=9, RSSI=-68"
09:11:11:568,F0:F8:F2:DA:2D:0D,"CCI: Channel=10, RSSI=-68"
09:11:11:596,F0:F8:F2:DA:06:D9,"CCI: Channel=10, RSSI=-63"
09:11:11:719,F0:F8:F2:DA:2D:0D,"CCI: Channel=25, RSSI=-68"
09:11:11:885,F0:F8:F2:DA:2D:0D,"AoA: Angle=1, Ant=2, Channel=18, RSSI=-71"
09:11:12:564,F0:F8:F2:DA:2D:0D,"AoA: Angle=-13, Ant=1, Channel=12, RSSI=-68"
09:11:12:753,F0:F8:F2:DA:2D:0D,"CCI: Channel=5, RSSI=-71"
09:11:12:769,F0:F8:F2:DA:06:D9,"CCI: Channel=5, RSSI=-66"
09:11:12:864,F0:F8:F2:DA:2D:0D,"CCI: Channel=20, RSSI=-71"
09:11:12:891,F0:F8:F2:DA:06:D9,"CCI: Channel=20, RSSI=-66"
09:11:12:993,F0:F8:F2:DA:2D:0D,"AoA: Angle=-12, Ant=2, Channel=20, RSSI=-71"
09:11:13:671,F0:F8:F2:DA:2D:0D,"AoA: Angle=-22, Ant=2, Channel=36, RSSI=-69"
09:11:14:320,F0:F8:F2:DA:06:D9,"CCI: Channel=15, RSSI=-64"
09:11:14:580,F0:F8:F2:DA:2D:0D,"CCI: Channel=15, RSSI=-71"
09:11:14:154,F0:F8:F2:DA:06:D9,"CCI: Channel=30, RSSI=-62"
09:11:14:195,F0:F8:F2:DA:2D:0D,"CCI: Channel=30, RSSI=-68"
09:11:14:208,F0:F8:F2:DA:2D:0D,"AoA: Angle=-22, Ant=1, Channel=30, RSSI=-68"
09:11:14:466,F0:F8:F2:DA:06:D9,"CCI: Channel=1, RSSI=-66"
09:11:14:519,F0:F8:F2:DA:2D:0D,"CCI: Channel=1, RSSI=-68"
09:11:14:585,F0:F8:F2:DA:2D:0D,"AoA: Angle=-22, Ant=2, Channel=1, RSSI=-68"
09:11:14:977,F0:F8:F2:DA:2D:0D,"AoA: Angle=-12, Ant=2, Channel=24, RSSI=-70"
09:11:15:248,F0:F8:F2:DA:2D:0D,"CCI: Channel=10, RSSI=-68"
09:11:15:294,F0:F8:F2:DA:06:D9,"CCI: Channel=10, RSSI=-63"
09:11:15:341,F0:F8:F2:DA:06:D9,"CCI: Channel=25, RSSI=-63"
09:11:15:346,F0:F8:F2:DA:2D:0D,"AoA: Angle=-4, Ant=2, Channel=10, RSSI=-68"
09:11:15:349,F0:F8:F2:DA:2D:0D,"CCI: Channel=25, RSSI=-68"
09:11:15:779,F0:F8:F2:DA:2D:0D,"AoA: Angle=-11, Ant=1, Channel=11, RSSI=-68"
09:11:16:199,F0:F8:F2:DA:2D:0D,"AoA: Angle=-11, Ant=1, Channel=34, RSSI=-69"
09:11:16:443,F0:F8:F2:DA:2D:0D,"CCI: Channel=5, RSSI=-68"
09:11:16:464,F0:F8:F2:DA:06:D9,"CCI: Channel=5, RSSI=-65"
09:11:16:549,F0:F8:F2:DA:2D:0D,"CCI: Channel=20, RSSI=-68"
09:11:16:564,F0:F8:F2:DA:2D:0D,"AoA: Angle=-8, Ant=2, Channel=5, RSSI=-68"
09:11:16:570,F0:F8:F2:DA:06:D9,"CCI: Channel=20, RSSI=-66"
09:11:17:580,F0:F8:F2:DA:2D:0D,"AoA: Angle=-1, Ant=1, Channel=6, RSSI=-68"
09:11:17:475,F0:F8:F2:DA:2D:0D,"AoA: Angle=0, Ant=2, Channel=7, RSSI=-68"
09:11:17:748,F0:F8:F2:DA:2D:0D,"CCI: Channel=15, RSSI=-69"
09:11:17:765,F0:F8:F2:DA:06:D9,"CCI: Channel=15, RSSI=-63"
09:11:17:842,F0:F8:F2:DA:2D:0D,"CCI: Channel=30, RSSI=-71"
09:11:17:867,F0:F8:F2:DA:06:D9,"CCI: Channel=30, RSSI=-62"
09:11:17:954,F0:F8:F2:DA:2D:0D,"AoA: Angle=-9, Ant=1, Channel=8, RSSI=-68"
09:11:18:173,F0:F8:F2:DA:2D:0D,"CCI: Channel=1, RSSI=-71"
09:11:18:178,F0:F8:F2:DA:06:D9,"CCI: Channel=1, RSSI=-66"
09:11:18:572,F0:F8:F2:DA:2D:0D,"AoA: Angle=-10, Ant=2, Channel=9, RSSI=-68"
09:11:18:938,F0:F8:F2:DA:06:D9,"CCI: Channel=10, RSSI=-63"
09:11:18:945,F0:F8:F2:DA:2D:0D,"AoA: Angle=-19, Ant=1, Channel=10, RSSI=-68"
09:11:18:952,F0:F8:F2:DA:2D:0D,"CCI: Channel=10, RSSI=-68"
09:11:19:400,F0:F8:F2:DA:06:D9,"CCI: Channel=25, RSSI=-64"
09:11:19:470,F0:F8:F2:DA:2D:0D,"CCI: Channel=25, RSSI=-71"
09:11:19:764,F0:F8:F2:DA:2D:0D,"AoA: Angle=-12, Ant=2, Channel=4, RSSI=-69"
09:11:20:171,F0:F8:F2:DA:06:D9,"CCI: Channel=5, RSSI=-66"
09:11:20:177,F0:F8:F2:DA:2D:0D,"CCI: Channel=5, RSSI=-69"
09:11:20:193,F0:F8:F2:DA:2D:0D,"AoA: Angle=-10, Ant=1, Channel=5, RSSI=-69"
09:11:20:237,F0:F8:F2:DA:2D:0D,"CCI: Channel=20, RSSI=-71"
09:11:20:275,F0:F8:F2:DA:06:D9,"CCI: Channel=20, RSSI=-66"
09:11:20:588,F0:F8:F2:DA:2D:0D,"AoA: Angle=5, Ant=2, Channel=13, RSSI=-68"
09:11:20:955,F0:F8:F2:DA:2D:0D,"AoA: Angle=0, Ant=2, Channel=36, RSSI=-69"
09:11:21:421,F0:F8:F2:DA:2D:0D,"AoA: Angle=-1, Ant=2, Channel=15, RSSI=-71"
09:11:21:428,F0:F8:F2:DA:2D:0D,"CCI: Channel=15, RSSI=-71"
09:11:21:473,F0:F8:F2:DA:06:D9,"CCI: Channel=15, RSSI=-63"
09:11:21:575,F0:F8:F2:DA:2D:0D,"CCI: Channel=30, RSSI=-71"
09:11:21:837,F0:F8:F2:DA:2D:0D,"CCI: Channel=1, RSSI=-69"
09:11:21:875,F0:F8:F2:DA:06:D9,"CCI: Channel=1, RSSI=-66"
09:11:21:941,F0:F8:F2:DA:2D:0D,"AoA: Angle=-18, Ant=2, Channel=1, RSSI=-69"
09:11:22:375,F0:F8:F2:DA:2D:0D,"AoA: Angle=-11, Ant=2, Channel=24, RSSI=-71"
09:11:22:654,F0:F8:F2:DA:06:D9,"CCI: Channel=10, RSSI=-63"
09:11:22:673,F0:F8:F2:DA:2D:0D,"CCI: Channel=10, RSSI=-68"
09:11:22:757,F0:F8:F2:DA:06:D9,"CCI: Channel=25, RSSI=-63"
09:11:22:782,F0:F8:F2:DA:2D:0D,"CCI: Channel=25, RSSI=-68"
09:11:22:808,F0:F8:F2:DA:2D:0D,"AoA: Angle=-14, Ant=2, Channel=10, RSSI=-68"
09:11:23:455,F0:F8:F2:DA:2D:0D,"AoA: Angle=-11, Ant=2, Channel=19, RSSI=-71"
09:11:23:877,F0:F8:F2:DA:2D:0D,"CCI: Channel=5, RSSI=-68"
09:11:23:895,F0:F8:F2:DA:2D:0D,"AoA: Angle=-19, Ant=2, Channel=5, RSSI=-68"
09:11:23:915,F0:F8:F2:DA:06:D9,"CCI: Channel=5, RSSI=-65"
09:11:23:960,F0:F8:F2:DA:06:D9,"CCI: Channel=20, RSSI=-66"
09:11:23:995,F0:F8:F2:DA:2D:0D,"CCI: Channel=20, RSSI=-68"
09:11:24:458,F0:F8:F2:DA:2D:0D,"AoA: Angle=-18, Ant=1, Channel=6, RSSI=-68"
09:11:24:969,F0:F8:F2:DA:2D:0D,"AoA: Angle=-9, Ant=2, Channel=7, RSSI=-68"
09:11:25:139,F0:F8:F2:DA:2D:0D,"CCI: Channel=15, RSSI=-69"
09:11:25:185,F0:F8:F2:DA:06:D9,"CCI: Channel=15, RSSI=-63"
09:11:25:255,F0:F8:F2:DA:2D:0D,"CCI: Channel=30, RSSI=-71"
09:11:25:275,F0:F8:F2:DA:06:D9,"CCI: Channel=30, RSSI=-62"
09:11:25:372,F0:F8:F2:DA:2D:0D,"AoA: Angle=-9, Ant=1, Channel=8, RSSI=-68"
09:11:25:558,F0:F8:F2:DA:2D:0D,"CCI: Channel=1, RSSI=-71"
09:11:25:589,F0:F8:F2:DA:06:D9,"CCI: Channel=1, RSSI=-66"
09:11:25:766,F0:F8:F2:DA:2D:0D,"AoA: Angle=-9, Ant=1, Channel=31, RSSI=-68"
09:11:26:238,F0:F8:F2:DA:2D:0D,"AoA: Angle=-11, Ant=2, Channel=32, RSSI=-71"
09:11:26:336,F0:F8:F2:DA:2D:0D,"CCI: Channel=10, RSSI=-68"
09:11:26:357,F0:F8:F2:DA:06:D9,"CCI: Channel=10, RSSI=-63"
09:11:26:440,F0:F8:F2:DA:2D:0D,"CCI: Channel=25, RSSI=-68"
09:11:26:856,F0:F8:F2:DA:2D:0D,"AoA: Angle=-13, Ant=2, Channel=11, RSSI=-69"
09:11:27:370,F0:F8:F2:DA:2D:0D,"AoA: Angle=-20, Ant=1, Channel=12, RSSI=-68"
09:11:27:534,F0:F8:F2:DA:06:D9,"CCI: Channel=5, RSSI=-66"
09:11:27:586,F0:F8:F2:DA:2D:0D,"CCI: Channel=5, RSSI=-69"
09:11:27:639,F0:F8:F2:DA:06:D9,"CCI: Channel=20, RSSI=-66"
09:11:27:674,F0:F8:F2:DA:2D:0D,"CCI: Channel=20, RSSI=-71"
09:11:27:869,F0:F8:F2:DA:2D:0D,"AoA: Angle=-11, Ant=2, Channel=13, RSSI=-68"
09:11:28:367,F0:F8:F2:DA:2D:0D,"AoA: Angle=-7, Ant=1, Channel=14, RSSI=-68"
09:11:28:802,F0:F8:F2:DA:2D:0D,"AoA: Angle=7, Ant=2, Channel=22, RSSI=-71"
09:11:28:839,F0:F8:F2:DA:2D:0D,"CCI: Channel=15, RSSI=-71"
09:11:28:891,F0:F8:F2:DA:06:D9,"CCI: Channel=15, RSSI=-63"
09:11:28:962,F0:F8:F2:DA:2D:0D,"CCI: Channel=30, RSSI=-67"
09:11:28:988,F0:F8:F2:DA:06:D9,"CCI: Channel=30, RSSI=-59"
09:11:29:148,F0:F8:F2:DA:2D:0D,"AoA: Angle=-2, Ant=2, Channel=8, RSSI=-68"
09:11:29:237,F0:F8:F2:DA:2D:0D,"CCI: Channel=1, RSSI=-68"
09:11:29:288,F0:F8:F2:DA:06:D9,"CCI: Channel=1, RSSI=-66"
09:11:29:684,F0:F8:F2:DA:2D:0D,"AoA: Angle=-4, Ant=1, Channel=9, RSSI=-69"
09:11:30:260,F0:F8:F2:DA:2D:0D,"CCI: Channel=10, RSSI=-68"
09:11:30:500,F0:F8:F2:DA:06:D9,"CCI: Channel=10, RSSI=-64"
09:11:30:131,F0:F8:F2:DA:2D:0D,"CCI: Channel=25, RSSI=-68"
09:11:30:427,F0:F8:F2:DA:2D:0D,"AoA: Angle=-14, Ant=2, Channel=3, RSSI=-69"
09:11:30:871,F0:F8:F2:DA:2D:0D,"AoA: Angle=-11, Ant=2, Channel=19, RSSI=-71"
09:11:31:265,F0:F8:F2:DA:2D:0D,"CCI: Channel=5, RSSI=-71"
09:11:31:290,F0:F8:F2:DA:06:D9,"CCI: Channel=5, RSSI=-66"
09:11:31:375,F0:F8:F2:DA:2D:0D,"CCI: Channel=20, RSSI=-69"
09:11:31:395,F0:F8:F2:DA:2D:0D,"AoA: Angle=-6, Ant=1, Channel=20, RSSI=-69"
09:11:31:418,F0:F8:F2:DA:06:D9,"CCI: Channel=20, RSSI=-65"
09:11:31:750,F0:F8:F2:DA:2D:0D,"AoA: Angle=-4, Ant=2, Channel=28, RSSI=-71"
09:11:32:374,F0:F8:F2:DA:2D:0D,"AoA: Angle=-15, Ant=2, Channel=7, RSSI=-67"
09:11:32:543,F0:F8:F2:DA:06:D9,"CCI: Channel=15, RSSI=-66"
09:11:32:564,F0:F8:F2:DA:2D:0D,"CCI: Channel=15, RSSI=-71"
09:11:32:646,F0:F8:F2:DA:06:D9,"CCI: Channel=30, RSSI=-62"
09:11:32:664,F0:F8:F2:DA:2D:0D,"CCI: Channel=30, RSSI=-67"
09:11:32:759,F0:F8:F2:DA:2D:0D,"AoA: Angle=-20, Ant=2, Channel=30, RSSI=-67"
09:11:32:950,F0:F8:F2:DA:06:D9,"CCI: Channel=1, RSSI=-68"
09:11:32:970,F0:F8:F2:DA:2D:0D,"CCI: Channel=1, RSSI=-72"
09:11:33:175,F0:F8:F2:DA:2D:0D,"AoA: Angle=-29, Ant=2, Channel=16, RSSI=-68"
09:11:33:542,F0:F8:F2:DA:2D:0D,"AoA: Angle=-30, Ant=2, Channel=2, RSSI=-66"
09:11:33:746,F0:F8:F2:DA:2D:0D,"CCI: Channel=10, RSSI=-68"
09:11:33:768,F0:F8:F2:DA:06:D9,"CCI: Channel=10, RSSI=-63"
09:11:33:825,F0:F8:F2:DA:06:D9,"CCI: Channel=25, RSSI=-62"
09:11:33:849,F0:F8:F2:DA:2D:0D,"CCI: Channel=25, RSSI=-67"
09:11:33:945,F0:F8:F2:DA:2D:0D,"AoA: Angle=-32, Ant=2, Channel=25, RSSI=-67"
09:11:34:774,F0:F8:F2:DA:2D:0D,"AoA: Angle=-34, Ant=2, Channel=34, RSSI=-67"
09:11:34:928,F0:F8:F2:DA:2D:0D,"CCI: Channel=5, RSSI=-71"
09:11:34:947,F0:F8:F2:DA:06:D9,"CCI: Channel=5, RSSI=-65"
09:11:35:300,F0:F8:F2:DA:2D:0D,"CCI: Channel=20, RSSI=-68"
09:11:35:440,F0:F8:F2:DA:06:D9,"CCI: Channel=20, RSSI=-66"
09:11:35:140,F0:F8:F2:DA:2D:0D,"AoA: Angle=-31, Ant=2, Channel=20, RSSI=-68"
09:11:35:545,F0:F8:F2:DA:2D:0D,"AoA: Angle=-23, Ant=1, Channel=21, RSSI=-68"
09:11:36:130,F0:F8:F2:DA:2D:0D,"AoA: Angle=-11, Ant=2, Channel=29, RSSI=-67"
09:11:36:222,F0:F8:F2:DA:06:D9,"CCI: Channel=15, RSSI=-66"
09:11:36:273,F0:F8:F2:DA:2D:0D,"CCI: Channel=15, RSSI=-69"
09:11:36:324,F0:F8:F2:DA:2D:0D,"CCI: Channel=30, RSSI=-69"
09:11:36:573,F0:F8:F2:DA:2D:0D,"AoA: Angle=-13, Ant=1, Channel=23, RSSI=-67"
09:11:36:632,F0:F8:F2:DA:2D:0D,"CCI: Channel=1, RSSI=-67"
09:11:36:646,F0:F8:F2:DA:06:D9,"CCI: Channel=1, RSSI=-66"
09:11:36:944,F0:F8:F2:DA:2D:0D,"AoA: Angle=-12, Ant=2, Channel=31, RSSI=-66"
09:11:37:355,F0:F8:F2:DA:2D:0D,"AoA: Angle=-22, Ant=2, Channel=17, RSSI=-68"
09:11:37:448,F0:F8:F2:DA:06:D9,"CCI: Channel=10, RSSI=-64"
09:11:37:464,F0:F8:F2:DA:2D:0D,"CCI: Channel=10, RSSI=-69"
09:11:37:555,F0:F8:F2:DA:06:D9,"CCI: Channel=25, RSSI=-60"
09:11:37:563,F0:F8:F2:DA:2D:0D,"CCI: Channel=25, RSSI=-66"
09:11:37:776,F0:F8:F2:DA:2D:0D,"AoA: Angle=-15, Ant=2, Channel=3, RSSI=-67"
09:11:38:126,F0:F8:F2:DA:2D:0D,"AoA: Angle=-22, Ant=2, Channel=26, RSSI=-69"
09:11:38:626,F0:F8:F2:DA:06:D9,"CCI: Channel=5, RSSI=-66"
09:11:38:645,F0:F8:F2:DA:2D:0D,"CCI: Channel=5, RSSI=-73"
09:11:38:726,F0:F8:F2:DA:06:D9,"CCI: Channel=20, RSSI=-65"
09:11:38:761,F0:F8:F2:DA:2D:0D,"CCI: Channel=20, RSSI=-69"
09:11:38:771,F0:F8:F2:DA:2D:0D,"AoA: Angle=-24, Ant=1, Channel=20, RSSI=-69"
09:11:39:156,F0:F8:F2:DA:2D:0D,"AoA: Angle=-13, Ant=2, Channel=28, RSSI=-71"
09:11:39:792,F0:F8:F2:DA:2D:0D,"AoA: Angle=-16, Ant=1, Channel=22, RSSI=-68"
09:11:39:951,F0:F8:F2:DA:2D:0D,"CCI: Channel=15, RSSI=-71"
09:11:39:967,F0:F8:F2:DA:06:D9,"CCI: Channel=15, RSSI=-65"
09:11:40:560,F0:F8:F2:DA:2D:0D,"CCI: Channel=30, RSSI=-71"
09:11:40:275,F0:F8:F2:DA:2D:0D,"AoA: Angle=1, Ant=2, Channel=23, RSSI=-68"
09:11:40:384,F0:F8:F2:DA:2D:0D,"CCI: Channel=1, RSSI=-71"
09:11:40:414,F0:F8:F2:DA:06:D9,"CCI: Channel=1, RSSI=-68"
09:11:40:843,F0:F8:F2:DA:2D:0D,"AoA: Angle=-17, Ant=1, Channel=24, RSSI=-68"
09:11:41:260,F0:F8:F2:DA:2D:0D,"CCI: Channel=10, RSSI=-71"
09:11:41:280,F0:F8:F2:DA:06:D9,"CCI: Channel=10, RSSI=-64"
09:11:41:339,F0:F8:F2:DA:2D:0D,"CCI: Channel=25, RSSI=-68"
09:11:41:394,F0:F8:F2:DA:06:D9,"CCI: Channel=25, RSSI=-62"
09:11:41:489,F0:F8:F2:DA:2D:0D,"AoA: Angle=-8, Ant=2, Channel=18, RSSI=-69"
09:11:41:872,F0:F8:F2:DA:2D:0D,"AoA: Angle=-15, Ant=1, Channel=26, RSSI=-68"
09:11:42:286,F0:F8:F2:DA:2D:0D,"AoA: Angle=2, Ant=2, Channel=27, RSSI=-71"
09:11:42:341,F0:F8:F2:DA:2D:0D,"CCI: Channel=5, RSSI=-71"
09:11:42:360,F0:F8:F2:DA:06:D9,"CCI: Channel=5, RSSI=-65"
09:11:42:441,F0:F8:F2:DA:2D:0D,"CCI: Channel=20, RSSI=-68"
09:11:42:461,F0:F8:F2:DA:06:D9,"CCI: Channel=20, RSSI=-66"
09:11:42:655,F0:F8:F2:DA:2D:0D,"AoA: Angle=-6, Ant=1, Channel=35, RSSI=-71"
09:11:43:540,F0:F8:F2:DA:2D:0D,"AoA: Angle=2, Ant=2, Channel=22, RSSI=-68"
09:11:43:637,F0:F8:F2:DA:2D:0D,"CCI: Channel=15, RSSI=-68"
09:11:43:672,F0:F8:F2:DA:06:D9,"CCI: Channel=15, RSSI=-66"
09:11:43:739,F0:F8:F2:DA:2D:0D,"CCI: Channel=30, RSSI=-63"
09:11:43:759,F0:F8:F2:DA:06:D9,"CCI: Channel=30, RSSI=-57"
09:11:43:940,F0:F8:F2:DA:2D:0D,"AoA: Angle=-18, Ant=1, Channel=23, RSSI=-68"
09:11:44:550,F0:F8:F2:DA:2D:0D,"CCI: Channel=1, RSSI=-68"
09:11:44:488,F0:F8:F2:DA:2D:0D,"AoA: Angle=-8, Ant=2, Channel=24, RSSI=-68"
09:11:44:869,F0:F8:F2:DA:2D:0D,"AoA: Angle=-27, Ant=1, Channel=32, RSSI=-71"
09:11:44:878,F0:F8:F2:DA:2D:0D,"CCI: Channel=10, RSSI=-72"
09:11:44:901,F0:F8:F2:DA:06:D9,"CCI: Channel=10, RSSI=-63"
09:11:44:966,F0:F8:F2:DA:06:D9,"CCI: Channel=25, RSSI=-62"
09:11:44:987,F0:F8:F2:DA:2D:0D,"CCI: Channel=25, RSSI=-67"
09:11:45:773,F0:F8:F2:DA:2D:0D,"AoA: Angle=-7, Ant=2, Channel=26, RSSI=-69"
